Tokyo,13988129
Jakarta,10562088
Delhi,16787941
Manila,1846513
Sao Paulo,41262199
Seoul,9443722
Mumbai,12478447
Shanghai,24870895
Mexico City,9209944
Guangzhou,18676605
Cairo,10100166
Beijing,21893095
New York,8804190
Kolkata,4496694
Moscow,13010112
Bangkok,8305218
Dhaka,10278882
Buenos Aires,17569053
Osaka,2753862
Lagos,8048430
Istanbul,15907951
Karachi,14916456
Kinshasa,349838
Shenzhen,17560000
Bangalore,8443675
Ho Chi Minh City,8993082
Tehran,9400000
Los Angeles,3898747
Rio de Janeiro,6747815
Chengdu,20937757
Baoding,11194382
Chennai,12395000
Lahore,11126285
London,
Paris,12262544
Tianjin,13866009
Linyi,11018365
Shijiazhuang,11235086
Zhengzhou,12600574
Nanyang,9713112
Hyderabad,6809970
Wuhan,12326500
Handan,9433000
Nagoya,2331078
Weifang,9386705
Lima,9751717
Zhoukou,9026015
Luanda,6945386
Ganzhou,8970014
Tongshan,7717983
Kuala Lumpur,1982112
Chicago,2746388
Heze,8287693
Chongqing,32054159
Hanoi,8330800
Fuyang,8200264
Changsha,750500
Dongguan,10466625
Jining,8081905
Jinan,9202432
Pune,6200000
Foshan,9498863
Bogota,1161500
Ahmedabad,9090000
Nanjing,9314685
Changchun,9066906
Tangshan,7717983
Cangzhou,7300783
Dar es Salaam,5383728
Hefei,9465881
Hong Kong,
Shaoyang,6563520
Zhanjiang,6981236
Shangqiu,7816831
Nantong,7726635
Yancheng,7200000
Nanning,8741584
Hengyang,6645243
Zhumadian,7008427
Shenyang,9070093
Xingtai,7111106
Xi'an,12952907
Santiago,6269384
Yantai,6968202
Riyadh,7676654
Luoyang,7056699
Kunming,8460088
Shangrao,6491088
Hangzhou,11936010
Bijie,6536370
Quanzhou,8782285
Miami,442241
Wuxi,7462135
Huanggang,5882719
Maoming,6174050
Nanchong,5607565
Zunyi,6606675
Qujing,6155400
Baghdad,8780422
Xinyang,6234401
Jieyang,5877025
Khartoum,639598
Madrid,3223334
Allahabad,1536218
Yulin,5796766
Changde,5279102
Liaocheng,5952128
Qingdao,10071722
Dallas,1304379
Nangandao,6251929
Xiangyang,5260951
Philadelphia,1603797
Giza,9200000
Lu'an,4393699
Zhaotong,5213533
Yichun,1148126
Dezhou,5748500
Nairobi,4397073
Nanchang,6255007
Tai'an,5635000
Dazhou,5385422
Houston,2304580
Guadalajara,1385629
Yongzhou,5289824
Atlanta,498715
Rangoon,5160512
Toronto,2794356
Suihua,3756167
Saint Petersburg,5351935
Washington,737015
Qiqihar,4067489
Suzhou,12748252
Shantou,5502031
Weinan,5520772
Changzhou,4592431
Singapore,
Fuzhou,8291268
Pudong,5599600
Belo Horizonte,2721564
Zhangzhou,5054328
Yuncheng,4774508
Suzhou,12748252
Xianyang,5096001
Guilin,4931137
Taizhou,6662888
Abidjan,6321017
Huaihua,5000000
Ji'an,4469176
Xiaoganzhan,
Pingdingshan,4987137
Jiujiang,4600276
Surat,6936534
Guiyang,5987018
Alexandria,159467
Bozhou,4996844
Sydney,
Huizhou,6042852
Huai'an,4556230
Chenzhou,4581778
Barcelona,1620343
Anqing,4165284
Suqian,4986192
Boston,675647
Jiangmen,4798090
Mianyang,4868243
Harbin,10009854
Huanglongsi,
Melbourne,
Zibo,4530597
Dalian,7450785
Hengshui,4340773
Yibin,4588804
Yangzhou,4459760
Timbio,
Johannesburg,12272263
Yiyang,4313084
Guigang,4316262
Xinpu,
Meizhou,3873239
Casablanca,3359818
Langfang,5464087
Zhangjiakou,4650000
Chifeng,4035967
Linfen,3976481
Jiangguanchi,4379998
Kabul,5385526
Phoenix,1608139
Luzhou,4254149
Taiyuan,34915616
Zhaoqing,4113594
Xiaoxita,520186
Xiamen,5163970
Fuzhou,8291268
Liuzhou,3758700
Zhuzhou,3855609
Amman,4061150
Jeddah,4697000
Chuzhou,3937868
Loudi,3785627
Deyang,3456161
Qingyuan,3969473
Kano,15076892
Wuhu,3644420
Seattle,737015
Yokohama,3769595
Binzhou,3928568
Baojishi,3321853
Zaozhuang,3855601
Neijiang,3140678
Baicheng,2033058
Berlin,3677472
Anshan,3325372
Lanzhou,4359446
Puyang,3772088
San Francisco,815201
Jiaozuo,
Hechi,3991900
Montreal,1762949
Detroit,639111
Chengde,3473200
Busan,3331444
Algiers,4510000
Hanzhong,3211462
Shiyan,3209004
Lucknow,3500000
Siping,24073453
Yulinshi,3634750
Changzhi,3180884
Qinzhou,3302238
Bazhou,776000
Qincheng,
Zhongshan,4418060
Suining,3252551
Leshan,3160168
San Diego,1386932
Faisalabad,3204726
Guang'an,3254883
Tongren,38562148
Bengbu,3296408
Santa Cruz,270861
Qinhuangdao,3136879
Tongliao,2873168
Jinzhou,2703853
Zhenjiang,3210418
Urumqi,4054000
Heyuan,2837686
Jaipur,3046189
Xinzhou,3067501
Wuzhou,2820977
Addis Ababa,2739551
Chaoyang,3452460
Brasilia,2570160
Mashhad,6434501
Shaoguan,2855131
Kuwait City,3000000
Shanwei,2935469
Quezon City,2960048
Minneapolis,429954
Kyiv,1795079
Sanaa,2409000
Meishan,2955219
Guatemala City,3015081
Incheon,2962388
Ningde,2821996
Tampa,384959
Daqing,2781562
Putian,3210714
Bandung,48782402
Surabaya,2874314
Salvador,2406709
Denver,715522
Rome,5714882
La Paz,2927000
Hohhot,3446100
Xiangtan,2752171
Pyongyang,3060900
Taichung,2819798
Weihai,2906548
Rizhao,2968365
Mudanjiang,2290208
Kaohsiung,2731635
Guayaquil,3645483
Tieling,2388294
Cawnpore,2767031
Dingxi,2524097
Taipei,2488043
Nanping,2680645
Zigong,2489256
Chaozhou,2568387
Baotou,2709378
Gulou,1109600
Longyan,2559545
Ankang,2656000
Baoshan,2506491
Huludao,2434194
Antananarivo,1275207
Yanjiang,2308631
Chattogram,5379660
Santo Domingo,1402749
Sanming,2503388
Longba,170000
Brooklyn,8804190
Yangjiang,2602959
Jiamusi,2156505
Ibadan,2559853
Luohe,2367490
Lincang,2429505
Medellin,6407102
Xuanzhou,864000
Yunfu,2383400
Dubai,3515813
Mirzapur,233691
Tashkent,2909466
Guangyuan,2305657
Cali,2227642
Huangshi,2469079
Ouagadougou,2415266
Daegu,2366852
Fortaleza,2703391
Yaounde,2765600
Douala,29321637
Jilin,24073453
Dandong,2188436
Lianshan,390000
Yingkou,2328582
Nagpur,2405665
Omdurman,2395159
Bekasi,2564940
Ghaziabad,1729000
Yuxi,2568000
Brisbane,
Anshun,2297339
Depok,2056400
Shangzhou,11936010
Huainan,3033528
Kuaidamao,
Accra,284124
Fukuoka,1603543
Jincheng,2279151
Vancouver,662248
Tangerang,1930556
Sanmenxia,2034872
Laibin,2498236
Queens,2405464
Qinbaling,
Xining,2467965
Ma'anshan,2159930
Yan'an,2255700
Baku,
Gaoping,494000
Harare,2427209
Havana,1749432
Phnom Penh,2281951
Ningbo,9618000
Mogadishu,4249083
Puning,2054703
Medan,2435252
Huaibei,1970265
Qingyang,2179716
Riverside,314998
Baltimore,585708
Haiphong,2358741
Las Vegas,641903
Chongzuo,2347700
Rawalpindi,2098231
Kumasi,
Portland,652503
Vadodara,4000000
Hezhou,2007858
Pingliang,1848607
San Antonio,1434625
Perth,
Vishakhapatnam,1728128
Shengli,636479
Gujranwala,2027001
Baicheng,2033058
Fushun,42591407
St. Louis,301578
Bamako,
Quito,2800388
Minsk,1996553
Indore,1994397
Yinchuan,2859074
Kananga,1271704
Peshawar,1970042
Sapporo,1973832
Esfahan,5120850
Caracas,2956813
Pingxiang,45188635
Aleppo,2098210
Tijuana,3769020
Almaty,2059200
Vienna,
Thane,1886941
Sacramento,524943
Blantyre,7750629
Tainan,1855092
Zhuhai,2439585
Bucharest,1716983
Curitiba,1963726
Multan,1827001
Xiping,682200
Ecatepec,16992418
Jixi,1502060
Saidu Sharif,2308624
Liaoyang,1604580
Hamburg,1906411
Meru,1545714
Brazzaville,1696392
Orlando,307573
Fuxin,1647280
Wuwei,1815054
Manaus,2219580
Bhopal,1798218
San Jose,1013240
Warsaw,1863056
Lubumbashi,2584000
Davao,1776949
Haikou,2046189
Damascus,2079000
Shuyangzha,
Brussels,1222637
Lusaka,3186336
Hyderabad City,6809970
Budapest,2897317
Shuozhou,1714857
Cleveland,372624
Benxi,1326018
Baiyin,1740800
Pittsburgh,302971
Patna,1683200
Mosul,1683000
Caloocan City,1661584
Austin,964177
Sanzhou,12748252
Beihai,1539300
Mecca,1578722
Heihe,1286401
Jingdezhen,1669057
Conakry,1660973
Kampala,1680600
Cincinnati,309317
Recife,1653461
Yushan,594800
Zhongli,425604
Kansas City,508090
Manhattan,1694251
Bilaspur,
Semarang,1653524
Ludhiana,1618879
Novosibirsk,1473754
Chengtangcun,
Agra,1585704
Karaj,1592492
Wenzhou,9572903
Indianapolis,887642
Leon de los Aldama,1721199
Puebla,1692181
Kalyan,1246381
Madurai,3038252
Mbuji-Mayi,2643000
Hebi,1565973
Shiraz,4851274
Jamshedpur,32988134
Columbus,905748
Tabriz,3909652
Maracaibo,5125579
Kawasaki,1531646
Aba,2534265
Palembang,1668848
Zhangjiajie,1476521
Kobe,1522188
Charlotte,874579
Changshu,1515900
Lianjiang,6981236
Ximeicun,
Jianguang,
Yucheng,826500
Belem,1499641
Guiping,1700000
Leizhou,279124
Gwangju,1432651
Munich,1487708
Nasik,2962769
Porto Alegre,1488252
Valencia,5057353
Onitsha,1080000
Abu Dhabi,1512000
Virginia Beach,457672
Daejeon,1469543
Zapopan,1476491
Yekaterinburg,1349772
Huazhou,1178809
Kyoto,1463723
Shuangyashan,1462626
Pizhou,1943600
El Kelaa des Srarhna,754705
Kharkiv,1421125
Yangshe,12748252
Guyuan,1455200
Khulna,15687759
Muscat,
Bronx,8804190
Gaozhou,1328658
Chizhou,1342764
Faridabad,1414050
Ulaanbaatar,
Goiania,1536097
Fuqing,8291268
Belgrade,6690887
Pingdu,1377900
Milan,1371498
Aurangabad,1175116
Yutan,
Milwaukee,577222
Huangshan,1470000
Auckland,1440300
Makassar,1423877
Santiago,6269384
Prague,1275406
Rajkot,2000000
Liangshi,
Cordoba,325708
Guarulhos,1392121
Al Basrah,
Saitama,1324854
Juarez,1501551
Montevideo,1680108
Xintai,1274200
Wusong,
Meerut,1571434
Yushu,416600
Rongcheng,738600
Huazhou,1178809
Yangquan,1368502
Adelaide,
Baishan,1296575
Dayan,
Haicheng,1067905
Jiangyin,1595138
Huaiyin,4556230
Wuzhong,1415400
Cacuaco,1279488
Barranquilla,1206319
Sofia,6520314
Soweto,1271628
Jabalpur,1055525
Rucheng,2855131
Nizhniy Novgorod,1250619
Shaoyang,6563520
Dhanbad,1162472
Comayaguela,1276738
Laiwu,989535
Sharjah,1274749
Jingling,9314685
Kazan,1143535
Suwon,1189654
Yongcheng,1241500
Calgary,1306784
Can Tho,1250792
Abuja,1693400
Mandalay,1726889
Beidao,
Xiangshui,600000
Dadukou,
Vila Velha,501325
Chelyabinsk,1130132
Mombasa,1208333
Providence,190934
Varanasi,
Qom,1200158
Zhangye,1199515
Hiroshima,1199391
Maiduguri,758700
Maputo,1088449
Doha,956457
Rosario,1342301
Pikine,1170791
Xinyu,1138873
Ahvaz,4710509
Jacksonville,949611
Medina,1183205
Srinagar,1180570
Omsk,1154116
Liaoyuan,1176645
Cilacap,1963824
Yingtan,1124906
Bandar Lampung,1166066
Samara,1164685
Guankou,
Ulsan,1111707
Dingzhou,1249000
Campinas,1213792
Lianyuan,894000
Dakar,1146052
Rongcheng,738600
Kaiyuan,299000
Nay Pyi Taw,924608
Kigali,1745555
Leiyang,1150241
Yichun,1148126
Benin City,1050000
Birmingham,200733
Xiantao,1175085
Amritsar,1583961
Callao,1300000
Monterrey,1142194
Aligarh,874408
Yingchuan,2859074
Ciudad Nezahualcoyotl,1077208
Tripoli,1065405
Nampo,983660
Rostov,1089261
Tegucigalpa,1276738
Tbilisi,
Guwahati,957352
Ufa,1062319
Fes,1112072
Bien Hoa,1232000
N'Djamena,916000
Ikare,
Salt Lake City,200133
Bhilai,268679
Haora,1077075
Tamale,950124
Xibeijie,
Copenhagen,1366301
Nezahualcoyotl,1077208
Hanchuan,1156000
Gongzhuling,1073000
Krasnoyarsk,973826
Cologne,1073096
Yicheng,323517
Zhufeng,
Sao Goncalo,1091737
Nashville,715884
Yerevan,1060138
Nur-Sultan,
Nouakchott,1195600
Vereeniging,12272263
Richmond,226610
Sao Luis,1108975
Ranchi,1073427
San Pedro Sula,801259
Taixing,1185600
Gwalior,1054420
Memphis,633104
Goyang,1074784
Bezwada,2218591
Edmonton,1010899
Bishkek,1074075
Mizhou,126254
Tunis,602560
Xishan,423000
Ezhou,1079353
Barquisimeto,1240714
Sendai,1096704
Hegang,891271
Kathmandu,845767
Mexicali,1032686
Voronezh,1047549
Perm,991162
Changwon,1070199
Zhongwei,1174600
Shouguang,1103110
Bogor,1114018
Raleigh,467665
Cartagena,914552
Chandigarh,
Matola,1032197
Jodhpur,1033756
Ogbomoso,454690
Shymkent,
Niamey,
Taizhou,6662888
Managua,1055247
Bagam,6165723
Shubra al Khaymah,1099354
Maceio,1031597
Monrovia,9861224
Wafangdian,942197
Zhongxiang,1022514
Odesa,1010537
Port-au-Prince,987310
New Orleans,383997
Villahermosa,684847
Thu Duc,1013795
Volgograd,1021215
Mysore,1261000
Islamabad,1009832
Xinyi,1014577
Raipur,1010087
Arequipa,1008290
Port Harcourt,1005904
Louisville,633045
Zaoyang,1004741
Shuizhai,
Xingyi,38562148
Kota,1001694
Quetta,
Ottawa,
Stockholm,
Asmara,
Freetown,
Vientiane,
Jerusalem,
Bangui,
Panama City,
Amsterdam,
Lome,
Libreville,
Zagreb,
Dushanbe,
Lilongwe,
Cotonou,
Colombo,
Pretoria,
Winnipeg,
Quebec City,
Oslo,
Athens,
Bujumbura,
Helsinki,
Skopje,
Chisinau,
Riga,
Kingston,
Rabat,
Vilnius,
San Salvador,
Djibouti,
Dublin,
The Hague,
Asuncion,
Lisbon,
Bratislava,
Kitchener,
Tallinn,
Beirut,
Cape Town,
Tirana,
Wellington,
Dodoma,
Halifax,
Bissau,
Canberra,
Juba,
Yamoussoukro,
Victoria,
Maseru,
Nicosia,
Windhoek,
Port Moresby,
Porto-Novo,
Sucre,
San Jose,
Ljubljana,
Sarajevo,
Nassau,
Bloemfontein,
Fort-de-France,
New Delhi,
Gaborone,
Paramaribo,
Dili,
Male,
Georgetown,
Gibraltar,
Saint-Denis,
Malabo,
Podgorica,
Manama,
Port Louis,
Willemstad,
Bern,
Papeete,
Luxembourg,
Reykjavik,
Praia,
Sri Jayewardenepura Kotte,
Bridgetown,
Moroni,
Thimphu,
Bareilly,
Quang Ha,
Xingcheng,
Dongtai,
Al Mansurah,
Yingcheng,
Chiba,
Pekanbaru,
Luocheng,
Dnipro,
Danyang,
Natal,
Nada,
Zamboanga City,
Kirkuk,
Naples,
Wuchuan,
Huilong,
Oklahoma City,
Morelia,
Cebu City,
Shaoxing,
Coimbatore,
Santo Domingo Este,
Setagaya,
Songnam,
Taishan,
Fangchenggang,
Solapur,
Tangier,
Anqiu,
Feicheng,
Kermanshah,
Kitakyushu,
Meishan,
Khartoum North,
Kisangani,
Aguascalientes,
Marrakech,
Donetsk,
Trujillo,
Taihe,
Bridgeport,
Trichinopoly,
Xin'an,
Taihecun,
Naucalpan de Juarez,
Owerri,
Padang,
Qingzhou,
Buffalo,
Lichuan,
Daye,
Fort Worth,
Hengzhou,
Campo Grande,
Zhuanghe,
Hartford,
Bobo-Dioulasso,
Ad Dammam,
Lhasa,
Jiaozhou,
Taguig City,
Merida,
Yangchun,
Bucheon,
Dengtalu,
Antipolo,
Hubli,
Abeokuta,
Cancun,
Tucson,
Krasnodar,
Natal,
Chihuahua,
Klang,
Turin,
Ar Ramadi,
Laiyang,
Sale,
Jalandhar,
Kaifeng Chengguanzhen,
Ikeja,
Malang,
Marseille,
Saltillo,
Gaomi,
Ipoh,
Hai'an,
Oran,
Hermosillo,
Weichanglu,
Shache,
Leping,
Hailun,
Macheng,
Akure,
Ilorin,
Teresina,
Yuci,
Omaha,
Saratov,
Erbil,
Iguacu,
El Paso,
Pasig City,
Denpasar,
Dehui,
Bhubaneshwar,
Tongchuan,
Cheongju,
Warri,
Pointe-Noire,
Sakai,
Rongjiawan,
Butterworth,
Renqiu,
Honolulu,
Xindi,
Wu'an,
Sao Bernardo do Campo,
Gaoyou,
Culiacan,
Hejian,
Yiyang,
Puxi,
Zijinglu,
Joao Pessoa,
McAllen,
Queretaro,
Abaete,
Palermo,
Qingping,
Valencia,
Niigata,
Leeds,
Moradabad,
Hamamatsu,
Xiangxiang,
Chaohucun,
Fuyang,
Homs,
Lubango,
San Luis Potosi,
Cencheng,
Dali,
Hamhung,
Krakow,
Hempstead,
Frankfurt,
Al `Ayn,
Songzi,
Laixi,
Bahawalpur,
Zhongba,
Kaduna,
Qingnian,
Albuquerque,
Xinhualu,
Nerima,
Guangshui,
Tlajomulco de Zuniga,
Samarinda,
Pietermaritzburg,
Changhua,
Kolhapur,
Sizhan,
Ciudad Guayana,
Cucuta,
Licheng,
Ota-ku,
Thiruvananthapuram,
Tyumen,
Nampula,
Zaporizhzhia,
Chengguan,
Kumamoto,
Nehe,
Birmingham,
Zunhua,
Valenzuela,
Orumiyeh,
Wugang,
Osogbo,
Shuangqiao,
Comodoro Rivadavia,
Cagayan de Oro,
Langzhong,
Qian'an,
Lviv,
Zouping,
An Najaf,
Sagamihara,
Sarasota,
Mississauga,
Okayama,
Anlu,
Dayton,
Changsha,
Torreon,
Shihezi,
George Town,
Enugu,
Soledad,
Jaboatao,
Yanggok,
Yatou,
Santo Andre,
Xichang,
Bhiwandi,
City of Paranaque,
Dasmarinas,
Chengxiang,
Saharanpur,
Warangal,
Edogawa,
Osasco,
Dashiqiao,
Latakia,
Rochester,
Fresno,
Banjarmasin,
Salem,
General Santos,
Hamah,
Bacoor,
Shishi,
Guadalupe,
Adachi,
Qianxi,
Tolyatti,
Macau,
Bauchi,
Hamilton,
Lodz,
Miluo Chengguanzhen,
Gaizhou,
Malegaon,
Karbala',
Leling,
Sao Jose dos Campos,
Sevilla,
Jianshe,
Shizuoka,
Jingcheng,
Kochi,
Allentown,
Tasikmalaya,
Rasht,
Xinmin,
Zhongshu,
Xigaze,
Gorakhpur,
As Sulaymaniyah,
Zaragoza,
Acapulco de Juarez,
Bahar,
Palermo,
Guankou,
Tulsa,
Tlaquepaque,
Mazatlan,
Songyang,
Cape Coral,
Ch'ongjin,
Puyang Chengguanzhen,
Qionghu,
Ribeirao Preto,
Zhaodong,
Huambo,
Wenchang,
Shulan,
Tlalnepantla,
Catia La Mar,
Sargodha,
Al Hufuf,
Durango,
Jalingo,
Bouake,
Sialkot City,
San Jose del Monte,
Ansan,
Lingbao Chengguanzhen,
Hwasu-dong,
Hue,
Shimoga,
Bulawayo,
Xiping,
Sanhe,
Guntur,
Concord,
Contagem,
Tiruppur,
Ch'onan,
Tripoli,
Honcho,
Dusseldorf,
Izhevsk,
Guixi,
Sorocaba,
Petaling Jaya,
Tengyue,
Wuxue,
Kikwit,
Colorado Springs,
Qufu,
Gaobeidian,
Ruiming,
Wroclaw,
Gold Coast,
Xinshi,
Ta`izz,
Aracaju,
Cochabamba,
Jeonju,
Jin'e,
Barnaul,
Makati City,
Stuttgart,
Rotterdam,
Changping,
Benghazi,
Kryvyi Rih,
Raurkela,
Halwan,
Charleston,
Chimalhuacan,
Xinxing,
Suohe,
Mangalore,
Zhuangyuan,
Glasgow,
Namangan,
Ulyanovsk,
Irkutsk,
Nanded,
Jos,
Pontianak,
Villa Nueva,
Bazhou,
Springfield,
Turpan,
Las Pinas City,
Meihekou,
Jurong,
Feira de Santana,
Khabarovsk,
Xinji,
Serang,
Kandahar,
Sanya,
San Miguel de Tucuman,
Yaroslavl,
Zhangshu,
Bagcilar,
Grand Rapids,
Vladivostok,
Kuantan,
Gothenburg,
Cuttack,
Jambi,
Cimahi,
Bacolod,
Zhuozhou,
Uberlandia,
Tianchang,
Kawaguchi,
Itabashi,
Suginami-ku,
Tuxtla,
Tumkur,
Leipzig,
Balikpapan,
Qamdo,
Durban,
Chanda,
Kagoshima,
Al Hillah,
Makhachkala,
Sihui,
Mar del Plata,
Irapuato,
Brampton,
Luocheng,
Pereira,
Mission Viejo,
Dortmund,
Reynosa,
Chuxiong,
Zahedan,
Jinhua,
Albany,
Shah Alam,
Knoxville,
Cuiaba,
Shangzhi,
Essen,
Botou,
Bucaramanga,
Anyang,
Genoa,
Port Sudan,
Puente Alto,
Dehra Dun,
At Ta'if,
Bakersfield,
Wancheng,
Malaga,
Hachioji,
Ogden,
Xiulin,
Fu'an,
Tomsk,
Tonala,
Kumul,
Bristol,
Luofeng,
Lingyuan,
Irbid,
Baton Rouge,
Huzhou,
Wencheng,
Bremen,
Ciudad Bolivar,
Durgapur,
Orenburg,
Shenzhou,
Asansol,
Akron,
Kuiju,
New Haven,
Zhenzhou,
Surakarta,
Jieshou,
Benguela,
Ensenada,
Dangyang,
Columbia,
Kemerovo,
Herat,
Dresden,
Bhavnagar,
Juiz de Fora,
Luanzhou,
Hamadan,
Novokuznetsk,
Nellore,
Chiclayo,
Manchester,
Al Hudaydah,
Amravati,
Cabinda,
Korla,
Huanghua,
Muntinlupa City,
Londrina,
Tabuk,
Heroica Matamoros,
Samarkand,
Xingcheng,
Kaiyuan,
Hannover,
Valledupar,
Fengcheng,
Ajmer,
Ghulja,
Tinnevelly,
City of Calamba,
Xiangyang,
Fuding,
An Nasiriyah,
Al Hillah,
Ibague,
Ryazan,
Kassala,
Chang'an,
Kerman,
Koto-ku,
Poznan,
Aksu,
Salta,
Astrakhan,
Wuhai,
Mingguang,
Naberezhnyye Chelny,
Antwerp,
Touba,
Ardabil,
Bikaner,
Lyon,
Agartala,
Ndola,
Himeji,
Tultitlan de Mariano Escobedo,
Villavicencio,
Ailan Mubage,
Bandar `Abbas,
Bac Ninh,
Ciudad Apodaca,
Santa Teresa del Tuy,
Maipu,
Penza,
Soacha,
Port Said,
Yucheng,
Meknes,
Arak,
Pohang,
Longzhou,
Anda,
Jinghong,
Sheffield,
Utsunomiya,
Suez,
Nuremberg,
Liverpool,
Mesa,
Surrey,
Heshan,
Zhoushan,
Ujjain,
Jiaji,
Santa Marta,
Joinvile,
Beining,
Hai Duong,
Carrefour,
Maturin,
Homyel',
Ananindeua,
Yanji,
Yicheng,
Ulhasnagar,
Lipetsk,
Al `Amarah,
Choloma,
Sevastopol,
Encheng,
Aden,
Kitwe,
Matsuyama,
Jhansi,
Kashgar,
Palm Bay,
Pingtung,
Lapu-Lapu City,
Monteria,
Ichikawa,
Imus,
Davangere,
Jammu,
Yiwu,
Belas,
Talatona,
Ile-Ife,
Kirov,
Jiaxing,
Mykolaiv,
Provo,
Meicheng,
Niteroi,
Matsudo,
Sukkur,
Oujda-Angad,
Taozhou,
Higashi-osaka,
Johor Bahru,
Worcester,
Hongjiang,
Chimbote,
Duisburg,
Qaraghandy,
Ixtapaluca,
Dengtacun,
Zhijiang,
Chengjiao,
Beipiao,
Suoluntun,
Murrieta,
Kota Bharu,
Ciudad Lopez Mateos,
Celaya,
Vinh,
Duyun,
Los Mochis,
Nyala,
Larkana,
Nishinomiya-hama,
`Ajman,
Cheboksary,
Yuanping,
Toulouse,
Edinburgh,
Belgaum,
Tula,
Shahe,
Serra,
Gaoping,
Greenville,
Gulbarga,
Dunhua,
Brookhaven,
Az Zarqa',
Sylhet,
Wichita,
Toledo,
Kaihua,
Jamnagar,
Fuyuan,
Dhulia,
Gaya,
Florianopolis,
Chiniot,
Jiannan,
Oita,
Kaliningrad,
Nangong,
Kurashiki,
Staten Island,
Kucukcekmece,
San Juan,
Vila Velha,
Mazar-e Sharif,
Macapa,
Shekhupura,
Des Moines,
Piura,
Mandaluyong City,
Jiaojiangcun,
Laohekou,
Kagithane,
Angeles City,
Pasay City,
Beian,
Fujin,
Leicester,
Xiaoyi,
Lanus,
Qingzhen,
Ba`qubah,
Katsushika-ku,
Buraydah,
Gdansk,
Marikina City,
Manado,
Campos,
Calabar,
Kanazawa,
Iloilo,
Long Beach,
Kuqa,
Jalgaon,
Cranbourne,
Port St. Lucie,
Murcia,
Maua,
Fukuyama,
Tel Aviv-Yafo,
Xicheng,
Amagasaki,
Pyeongtaek,
Kurnool,
Denton,
Melaka,
Taoyuan District,
General Trias,
Jian'ou,
Huadian,
Tanta,
Kota Kinabalu,
Minzhu,
Bukavu,
Rajshahi,
Balashikha,
Udaipur,
Kursk,
Mariupol,
Eslamshahr,
San Nicolas de los Garza,
Hsinchu,
Barcelona,
Constantine,
Tanbei,
Ado-Ekiti,
Madison,
Bellary,
Rodriguez,
Santiago de Cuba,
Yongji,
Reno,
Danjiangkou,
Sao Jose do Rio Preto,
Fujisawa,
Andijon,
Harrisburg,
Machida,
Ning'an,
Little Rock,
Zhangjiakou Shi Xuanhua Qu,
Zurich,
Sunch'on,
Jinchang,
Kashiwa,
Guangming,
Sangli,
Tuticorin,
Beira,
Kupang,
Jeju,
Caxias do Sul,
Santos,
Manizales,
Stavropol,
Yogyakarta,
Calicut,
Veracruz,
Zanjan,
Cusco,
Welkom,
Ulan-Ude,
Oakland,
Shinagawa-ku,
Kashan,
Kenitra,
Uyo,
Sokoto,
Masan,
Sidi Bouzid,
Porto Velho,
Sihung,
Xalapa,
Florencio Varela,
Uijeongbu,
Akola,
Aomori,
Yan'an Beilu,
Agadir,
Mogi das Cruzes,
Durham,
Diadema,
Likasi,
Buenaventura,
Yazd,
Laval,
Toyota,
Santa Rosa,
Winston-Salem,
Tver,
Elazig,
Hpa-An,
Palma,
Bonita Springs,
Mishan,
Hailin,
Seremban,
Lecheng,
Zhengjiatun,
Luhansk,
Pencheng,
Magnitogorsk,
Takamatsu,
El Obeid,
Dalai,
Xingren,
Kolwezi,
Wenlan,
Indio,
Palm Coast,
Binan,
Arusha,
Fenyang,
Paju,
Mataram,
Chattanooga,
Kisumu,
Jhang City,
Nagqu,
Jayapura,
Rio Branco,
Toyama,
Fangting,
Sanandaj,
Linghai,
Toyonaka,
Spokane,
Sochi,
Bhagalpur,
Ivanovo,
Turkmenabat,
Zaria,
Bryansk,
Asyut,
Taiping,
Mbale,
Maracay,
Jiexiu,
Santa Fe,
Campina Grande,
Nagasaki,
Szczecin,
Syracuse,
Maringa,
Carapicuiba,
Qazvin,
Quilon,
Jundiai,
Hirakata,
Gifu,
Lancaster,
Sikar,
Jiangjiafan,
Dera Ghazi Khan,
Mwanza,
Arlington,
Xushan,
Miyazaki,
Yuyao,
Stockton,
Bhatpara,
Sandakan,
Taytay,
Hejin,
Thanh Hoa,
Minamisuita,
Poughkeepsie,
Yokosuka,
Nha Trang,
Belgorod,
Malabon,
Yola,
Lobito,
Saurimo,
Olinda,
Esenler,
Gujrat,
Ad Diwaniyah,
Piracicaba,
Hancheng,
Karamay,
Kakinada,
Augusta,
Bhilwara,
Tieli,
Cilegon,
Nizamabad,
Bologna,
Boise,
Esenyurt,
Tetouan,
Aqtobe,
Oxnard,
Oyo,
Tarlac City,
Okazaki,
Cainta,
Ha'il,
Yidu,
Lianzhou,
Florence,
Christchurch,
Nuevo Laredo,
Scranton,
Brno,
London,
Novi Sad,
Gusau,
Modesto,
Pasto,
Kissimmee,
Las Palmas,
Ichinomiya,
Panihati,
Huancayo,
Aurora,
Betim,
Sintra,
Parbhani,
Usulutan,
Youngstown,
Iquitos,
Helixi,
Manukau City,
Cumana,
Rohtak,
Vinnytsia,
Latur,
Lipa City,
Mandaue City,
Bello,
Khorramabad,
Ambon,
Butuan,
Keelung,
Toyohashi,
Baguio City,
La Florida,
Lengshuijiang,
Anguo,
Kita-ku,
Rajapalaiyam,
Panshi,
Madan,
Plovdiv,
Az Zubayr,
Al Qatif,
Takasaki,
Huichang,
Vitsyebsk,
Nagano,
Bauru,
Yanjiao,
Bochum,
Tecamac,
Anapolis,
Coventry,
Shinjuku,
Wonsan,
Caerdydd,
Iligan,
Cabuyao,
Nakano,
Bengkulu,
Orizaba,
Blumenau,
Montes Claros,
Petion-Ville,
Shuanghejiedao,
Umuahia,
Surgut,
Gedaref,
Palu,
Pokhara,
Mahilyow,
Wudalianchi,
Sungai Petani,
Nam Dinh,
Vitoria,
Hrodna,
Vladimir,
Sao Vicente,
Taraz,
Cubal,
Kawagoe,
Ibb,
Yong'an,
Wuppertal,
Manisa,
San Fernando,
Minatitlan,
Nizhniy Tagil,
San Pedro,
Hongzhai,
Wakayama,
Bilbao,
Rahimyar Khan,
Pavlodar,
Gimpo,
Itaquaquecetuba,
Nara,
Van,
Corrientes,
Neiva,
Arkhangelsk,
Batangas,
Licheng,
Koshigaya,
Sinuiju,
Cabimas,
Yueqing,
Yakeshi,
Ahmadnagar,
Fayetteville,
Takatsuki,
Holguin,
Qoqon,
Anaheim,
Semey,
Varna,
Yingmen,
Cariacica,
Palmira,
Tapachula,
Konak,
Bydgoszcz,
Hatay,
Antofagasta,
Rajahmundry,
Chita,
Chitungwiza,
Caruaru,
Utrecht,
Pensacola,
Victorville,
Tanch'on,
Tokorozawa,
Nice,
Sumqayit,
Kusti,
Cuddapah,
Simferopol,
Otsu,
Vitoria da Conquista,
Lancaster,
Makiivka,
East London,
Greensboro,
Uruapan,
Gomez Palacio,
Franca,
Brest,
Kaluga,
Corpus Christi,
Muzaffarpur,
Yeosu,
Lublin,
Alwar,
Brahmapur,
Lianran,
Buon Ma Thuot,
Cuernavaca,
Beni,
Randburg,
Alicante,
Jitpur,
Kaesong,
Petrolina,
Chinju,
Tangdong,
Hangu,
Belfast,
Iwaki,
Blida,
Salamanca,
Yingzhong,
Hirosaki,
Vina del Mar,
Nazret,
Bielefeld,
Cuenca,
Al Fayyum,
Fort Wayne,
Ciudad Obregon,
Wad Medani,
Ribeirao das Neves,
Soledad de Graciano Sanchez,
Bonn,
Kamarhati,
Maebashi,
Thessaloniki,
Ganca,
Mymensingh,
Santa Ana,
Flint,
Kendari,
Thai Nguyen,
Smolensk,
Asahikawa,
Islip,
Dahuk,
Wonju,
Mathura,
Nakuru,
Lafia,
Koriyama,
Bamiantong,
Patiala,
Taourirt,
Izmir,
Vung Tau,
Cabanatuan City,
Markham,
Saugor,
Pelotas,
Roodepoort,
Volzhskiy,
Bijapur,
Sukabumi,
Fayetteville,
Ulanhot,
Yunzhong,
Cotabato,
Al Fallujah,
Kochi,
Minna,
Boa Vista,
Cluj-Napoca,
Canoas,
Gwangmyeongni,
Bari,
Pucallpa,
Yildirim,
Kuching,
Tepic,
Caucaia,
Gonder,
Uberaba,
Jackson,
Mekele,
Santa Rosa,
Gonaives,
Guasave,
Lansing,
Naha,
Binxian,
San Juan,
Lexington,
Hotan,
Dongyang,
Ciudad del Este,
Kaiyuan,
Temara,
Uige,
Cordoba,
Camaguey,
Ann Arbor,
San Salvador de Jujuy,
Timisoara,
Al Kut,
Shahjanpur,
Cherepovets,
San Miguelito,
Menongue,
Junagadh,
Katsina,
Henderson,
Poltava,
Maroua,
Kaech'on,
Asan,
Tehuacan,
Coatzacoalcos,
Nukus,
Huntsville,
Oskemen,
Nantes,
Zalantun,
Trichur,
Binangonan,
Cirebon,
Munster,
Az Zaqaziq,
Boaco,
Ca Mau,
Toshima,
Vologda,
Saransk,
Mobile,
Barddhaman,
Tanza,
Bor,
Kasur,
Yakou,
Orel,
Shahr-e Qods,
Safi,
Gungoren,
Guaruja,
Playa del Carmen,
Purnea,
Datang,
Zarzal,
Fort Collins,
Port Elizabeth,
Asheville,
Santa Clarita,
Gorgan,
Quy Nhon,
Sambalpur,
Mannheim,
Yakutsk,
Yokkaichi,
Ponta Grossa,
Catania,
Chalco,
Karlsruhe,
Shahriar,
Kurgan,
Kasugai,
Sariwon,
St. Catharines,
Matadi,
Niagara Falls,
Firozabad,
St. Paul,
Vladikavkaz,
Hisar,
Puerto La Cruz,
Puerto Princesa,
Podolsk,
Meguro,
Ciudad Victoria,
Ciudad Santa Catarina,
Vaughan,
Awasa,
Oakashicho,
Pekalongan,
Kurume,
Vila Nova de Gaia,
Curepipe,
Paulista,
Oaxaca,
Armenia,
Akita,
Awka,
San Bernardo,
Iksan,
Taubate,
Antioch,
Lakeland,
Mardan,
Soc Trang,
Mbeya,
San Juan del Rio,
Popayan,
Praia Grande,
Qianzhou,
Newcastle,
Ciudad General Escobedo,
Coatepeque,
Quzhou,
Tampico,
Bialystok,
Merida,
Murmansk,
Ar Raqqah,
Linhai,
Jember,
Valladolid,
Bahia Blanca,
Central Coast,
Rampur,
Iskenderun,
Al Mubarraz,
Petropolis,
Al Kharj,
Navotas,
Chernihiv,
Yangsan,
Comilla,
Pachuca,
Augsburg,
Bradford,
Oyster Bay,
Tagum,
Valparaiso,
Silang,
Limeira,
Rangpur,
Vigo,
Kocaeli,
Montpellier,
Bali,
Panipat,
Ismailia,
Vila Teixeira da Silva,
Delmas,
Mabalacat,
Batna,
Aizawl,
Kunp'o,
Tambov,
Thies,
Iasi,
Pendik,
Nottingham,
Santa Maria,
Groznyy,
Kherson,
Santarem,
Bafoussam,
Hong'an,
Resistencia,
Brasov,
Juliaca,
Graz,
Itagui,
Karimnagar,
San Lorenzo,
Sumida,
Sekondi,
Morioka,
Setif,
Trenton,
Atyrau,
Ipswich,
Kaunas,
Adana,
Hulin,
Lincoln,
Bhuj,
Farg`ona,
Ichalkaranji,
Strasbourg,
Springfield,
Anchorage,
Punto Fijo,
Sincelejo,
Plano,
Ibaraki,
Irvine,
Camacari,
San Cristobal,
Bolton,
San Pablo,
Suzano,
Korhogo,
Hospet,
Bhatinda,
Cascavel,
Ostrava,
Tacna,
Constanta,
Haifa,
Davenport,
Fukushima,
Barinas,
Coro,
Bago,
Fuquan,
Tongchuanshi,
Sannai,
Huozhou,
Temuco,
Sterlitamak,
Rockford,
Tegal,
Ica,
Lucena,
Osh,
Newark,
Jining,
Chuncheon,
Malard,
Pematangsiantar,
Long Xuyen,
Petrozavodsk,
South Bend,
Bukhara,
Shreveport,
Sumbe,
Viet Tri,
Wiesbaden,
Cherkasy,
Sunderland,
Barasat,
Kostroma,
Zhuji,
Round Lake Beach,
Gyeongsan,
Los Alcarrizos,
Governador Valadares,
Taboao da Serra,
San Mateo,
Katowice,
Shaowu,
Sfax,
Nizhnevartovsk,
Linxia Chengguanzhen,
Dire Dawa,
Khmelnytskyi,
Owo,
Southampton,
Savannah,
Posadas,
Gatineau,
Windsor,
Mbandaka,
Myrtle Beach,
Malmo,
Kunsan,
Qarshi,
Kafr ad Dawwar,
Chula Vista,
Maradi,
Ratlam,
Yeosu,
Crato,
Tsu,
Eugene,
Bijiao,
Palmas,
Craiova,
Minato,
Sorong,
Majene,
Thai Binh,
Binjai,
Fuchu,
Gabela,
Oral,
Dayr az Zawr,
Brahmanbaria,
Sarta,
Plymouth,
Santo Domingo de los Colorados,
Novorossiysk,
Santa Ana,
Gombe,
Gijon,
Espoo,
Drug,
Mito,
Bamenda,
Floridablanca,
Handwara,
Talisay,
Canton,
Yoshkar-Ola,
Nalchik,
Aswan,
Ichihara,
Zhytomyr,
Imphal,
Chernivtsi,
Heroica Nogales,
Sumare,
Lubbock,
Yanbu`,
Sumy,
Tshikapa,
Anantapur,
Westminster,
Reading,
Winter Haven,
Myeik,
Maraba,
Salem,
Yao,
Barueri,
Djelfa,
Suncheon,
Jalalabad,
St. Petersburg,
Engels,
Malolos,
Wenling,
Oruro,
Nogales,
Dezful,
Sao Jose dos Pinhais,
Lafayette,
Kyongju,
Nagaoka,
Dumai,
Taluqan,
Gent,
Damanhur,
Nawabshah,
Volta Redonda,
Annaba,
Laredo,
Kakogawacho-honmachi,
Wollongong,
Bordeaux,
Nonthaburi,
Jersey City,
Marilao,
Venice,
Quang Ngai,
Concord,
Olongapo,
Ciudad Benito Juarez,
Gelsenkirchen,
Hiratsuka,
Columbus,
Monchengladbach,
Chandler,
Fukui,
Soka,
Kunduz,
Kingston upon Hull,
Mossoro,
Wutong,
Misratah,
Derby,
Verona,
Etawah,
Huayin,
McKinney,
Scottsdale,
Killeen,
Bergen,
Tallahassee,
Horlivka,
Antsirabe,
Ondo,
Ap Da Loi,
Foz do Iguacu,
Bunkyo-ku,
Peoria,
Gravatai,
Chiayi,
Kediri,
Damaturu,
Tokushima,
Arua,
Turmero,
Wilmington,
Raichur,
Kuala Terengganu,
Daloa,
San Pedro Carcha,
Mocamedes,
La Paz,
Montgomery,
Wolverhampton,
Gilbert,
Rishon LeZiyyon,
Vitoria-Gasteiz,
Kutahya,
Bharatpur,
Shinozaki,
Goma,
Tacloban,
Rach Gia,
Kanggye,
Taganrog,
Varzea Grande,
El Fasher,
Las Condes,
Glendale,
Santiago del Estero,
Hakodate,
Begusarai,
North Las Vegas,
A Coruna,
Sonipat,
Stoke-on-Trent,
Los Teques,
Jinshi,
Chofugaoka,
Iwo,
Higuey,
Juazeiro do Norte,
Bata,
Al Minya,
Babol,
Komsomol'sk-na-Amure,
Aachen,
Rivne,
Galati,
Al Bayda',
Kurmuk,
Shibuya-ku,
Thu Dau Mot,
Braunschweig,
Manzhouli,
Gdynia,
Palangkaraya,
Hafr al Batin,
Chigasaki,
Sahiwal,
Kiel,
Shrirampur,
Portsmouth,
Sibu,
Yato,
Parana,
Santa Clara,
Yamagata,
Imperatriz,
Oruro,
Merlo,
Tsukuba-kenkyugakuen-toshi,
Barnsley,
Syktyvkar,
Khimki,
Biratnagar,
Saskatoon,
Abertawe,
Jessore,
Beichengqu,
Tuy Hoa,
Hapur,
Chesapeake,
Fuji,
Chemnitz,
Mokpo,
Avcilar,
Tanga,
Santa Maria,
Sabzevar,
Ramgundam,
Bahir Dar,
Porto,
Baruta,
Sapele,
Sasebo,
Myitkyina,
Barnstable,
Haeju,
Petah Tiqwa,
Norfolk,
Gonzalez Catan,
Diaobingshancun,
Tarapoto,
Zhangping,
Sao Carlos,
Aarhus,
Fremont,
Ipatinga,
Anju,
Shanhu,
Narayanganj,
Monclova,
Kennewick,
Atushi,
Chimoio,
Limassol,
Novo Hamburgo,
Garland,
Irving,
Lille,
Arakawa,
Longueuil,
Halle,
Kosice,
Viamao,
Matsumoto,
Banda Aceh,
Shenmu,
Springs,
Taiping,
Zinder,
As Sib,
P'yong-dong,
Ivano-Frankivsk,
Lishui,
Quilmes,
Wuyishan,
Amol,
Mirpur Khas,
Pathein,
Nizhnekamsk,
Visalia,
Al Jubayl,
Neya,
Chishui,
Centurion,
Uluberiya,
Atlantic City,
Pakdasht,
Shakhty,
Magdeburg,
Ibb,
Abha,
Garoua,
Bole,
Ganda,
Najafabad,
Bayamo,
Puducherry,
Porbandar,
Kamianske,
Borujerd,
Paradise,
Singaraja,
Elche,
Macae,
Miri,
Machala,
Granada,
Bo,
Messina,
Eindhoven,
Nashua,
San Cristobal,
Arapiraca,
Okara,
Badalona,
Arlington,
Saidpur,
Hialeah,
York,
Saga,
Burnaby,
Meycauayan,
Rancagua,
Freiburg im Breisgau,
Kasukabe,
Dzerzhinsk,
Marilia,
Bratsk,
Barishal,
Jiayuguan,
Eloy Alfaro,
Indaiatuba,
Envigado,
Guadalupe,
Ageoshimo,
Qarchak,
Toluca,
Ormoc,
Neuquen,
Banfield,
Americana,
Fresnillo,
Singkawang,
Orsk,
Vizianagaram,
North Hempstead,
Evansville,
Marka,
Cotia,
Pali,
Noginsk,
Kropyvnytskyi,
Taito,
Rondonopolis,
Coban,
Guantanamo,
Krefeld,
Huixquilucan,
Kolpino,
Sidon,
Mage,
Apapa,
Nadiad,
Avondale,
Brownsville,
Dasoguz,
Probolinggo,
Jacarei,
Quetzaltenango,
Araraquara,
Angarsk,
Nagercoil,
Sousse,
Nyanza,
Takarazuka,
Campeche,
Atsugicho,
Tarrasa,
Bac Lieu,
Itapevi,
Toamasina,
Karnal,
Padangsidempuan,
Varamin,
Mubi,
Korolev,
Hunchun,
Tampere,
Sakarya,
Blagoveshchensk,
Velikiy Novgorod,
Longjin,
Ashdod,
Czestochowa,
Puri,
Carlos Manuel de Cespedes,
Chapeco,
Sandton,
Tanjore,
Staryy Oskol,
Secunderabad,
Ji'an Shi,
Bursa,
Jose C. Paz,
Rufisque,
Presidente Prudente,
Barra do Dande,
Hobart,
Swindon,
Ota,
Ternopil,
Formosa,
Sambhal,
Gueckedou,
Rennes,
Polokwane,
Sabadell,
Neyshabur,
Radom,
Lutsk,
Hachinohe,
Gulfport,
San Felipe,
Saveh,
Nishitokyo,
Santo Tomas,
La Vega,
Appleton,
Khomeyni Shahr,
Damietta,
Juazeiro,
Kremenchuk,
Itabuna,
Al Khubar,
Cordoba,
Shiliguri,
Zakhu,
Tulua,
Mainz,
Hortolandia,
Bitung,
Naihati,
Tilburg,
Manta,
Osan,
Butembo,
San Miguel,
Oviedo,
Netanya,
Concepcion,
Itaborai,
Zamora,
Bremerton,
Alor Setar,
Hickory,
Luton,
Tacoma,
Denov,
Matrah,
Qostanay,
Banjarbaru,
Sa Dec,
Valencia,
Gujiao,
Lubeck,
Cartagena,
Petropavl,
Sao Leopoldo,
Marg`ilon,
Trece Martires City,
Gangneung,
San Bernardino,
Cua,
As Samawah,
Vantaa,
College Station,
Golmud,
Kalamazoo,
Geneva,
Regina,
Thousand Oaks,
La Victoria,
Shimla,
Babruysk,
Northampton,
Mohammedia,
Roanoke,
Rui'an,
Erfurt,
Sete Lagoas,
Fontana,
Sikasso,
Warnes,
Mostoles,
El Tigre,
Divinopolis,
Colombo,
Moreno Valley,
Jerez de la Frontera,
Sidi Bel Abbes,
Limbe,
Kure,
Padova,
Arroyo Naranjo,
Colon,
Ploiesti,
Oberhausen,
Criciuma,
Pskov,
Bila Tserkva,
Isesaki,
Pamplona,
Naga City,
Burgas,
Babylon,
Chungju,
Maracanau,
Tunja,
Pagadian,
Legazpi City,
Barrancabermeja,
San-Pedro,
Bukit Mertajam,
Puerto Vallarta,
Ijebu-Ode,
Taisheng,
Rostock,
Cork,
Guarenas,
Panabo,
Dongning,
Santa Cruz,
Solihull,
Burutu,
Nasim Shahr,
Moratuwa,
Pinghu,
Ich'on,
Milton Keynes,
Marawi City,
Puerto Cabello,
Beersheba,
Huangyan,
North Port,
Almere,
Lubuklinggau,
Mary,
Fargo,
Cascais,
Northcote,
Qina,
Toledo,
Kharagpur,
Waitakere,
Monywa,
Dindigul,
Morogoro,
Green Bay,
Pingzhen,
Bani Suwayf,
Cidade de Nacala,
Talca,
Portoviejo,
Spring Valley,
Linz,
Trieste,
San Carlos City,
Kodaira,
Itami,
Phan Thiet,
Kalemie,
Kamirenjaku,
Loures,
Biskra,
Ingraj Bazar,
Bene Beraq,
Mytishchi,
Nagareyama,
Ongole,
Zanzibar,
Jiutai,
Qa'em Shahr,
Amarillo,
Ellore,
Ziguinchor,
Ternate,
Puqi,
La Ceiba,
Yachiyo,
Mandi Burewala,
Coquimbo,
Tekirdag,
Parnamirim,
Portland,
Groningen,
Biysk,
Charleroi,
Aberdeen,
Lanxi,
La Guaira,
Mazabuka,
Zhubei,
Poza Rica de Hidalgo,
Torun,
Tanjungpinang,
Kassel,
Djougou,
Haldia,
Luxor,
Tarakan,
Santa Barbara,
Gainesville,
Las Tunas,
Lyubertsy,
Matsue,
Sosnowiec,
Arica,
Al Khums,
Huacho,
Gurgaon,
El Jadid,
Cajamarca,
Huntington,
Ciudad Madero,
Lashkar Gah,
Mai'Adua,
Jacobabad,
Almeria,
Debrecen,
Tokat,
Nema,
Qyzylorda,
Olympia,
Guacara,
Oulu,
Maimanah,
Frisco,
Kabankalan,
Isidro Casanova,
Yonkers,
Rio Claro,
Norwich,
Bulandshahr,
Az Zawiyah,
Kasama,
Puerto Cortes,
Kouribga,
Lahad Datu,
Bojnurd,
Norwich,
Baharampur,
Liege,
Banja Luka,
Glendale,
Huntington Beach,
Taranto,
Zhugang,
Martapura,
Chakradharpur,
Tocuyito,
Alvorada,
Deltona,
Richmond,
Holon,
Alcala de Henares,
Gemena,
Oradea,
Helong,
Beni Mellal,
Madhyamgram,
Aurora,
Burhanpur,
Khammam,
Bhiwani,
Higashi-Hiroshima,
Huanuco,
Mbanza-Ngungu,
Eldoret,
Hino,
Zipaquira,
Rio Grande,
Prokopyevsk,
Rajin,
Fuenlabrada,
Ghandinagar,
Brescia,
Kusong,
Suhaj,
Acarigua,
Hugli,
San Pedro de Macoris,
Parma,
Kenema,
Brikama,
Suzuka,
Koronadal,
Cuautla,
Iskandar,
Karakopru,
Tempe,
Dese,
Tanauan,
La Serena,
Overland Park,
Bandar-e Bushehr,
Prato,
Tchitato,
Anseong,
Yuzhno-Sakhalinsk,
Richmond Hill,
Chilpancingo,
Gorontalo,
Guanajuato,
Peterborough,
Grand Prairie,
Quelimane,
Tebessa,
Kumagaya,
San Fernando,
Al Jahra',
Mahbubnagar,
La Plata,
San Juan Sacatepequez,
Yamaguchi,
Muar,
Cap-Haitien,
Oakville,
Sunrise Manor,
Godoy Cruz,
Bukan,
Hyesan,
Kielce,
Aracatuba,
Castanhal,
Guanare,
Waco,
Basildon,
Beylikduzu,
Leganes,
Madiun,
General Mariano Alvarez,
Bago,
Valera,
Bournemouth,
Pasuruan,
Armavir,
Mwene-Ditu,
Balakovo,
Donostia,
Aydin,
Batu,
Son Tay,
Anjomachi,
Salinas,
Malaybalay,
Ferraz de Vasconcelos,
Santa Barbara d'Oeste,
Chibia,
Odawara,
Kishiwada,
Saddiqabad,
Rybinsk,
Chongju,
Cachoeiro de Itapemirim,
Nandyal,
Hagen,
Potosi,
Ngaoundere,
Pak Kret,
Waterbury,
Parakou,
Donghua,
Mutare,
Narsingdi,
Braga,
Araure,
Digos,
Pinar del Rio,
Clarksville,
Numazu,
Raiganj,
Selcuklu,
Tachikawa,
Prabumulih,
Angra dos Reis,
San Francisco de Macoris,
Sobral,
Xiashi,
Turku,
Guatire,
Iquique,
Laayoune,
Cedar Rapids,
Kofu,
San Diego,
Gharyan,
Barakpur,
Tottori,
Chaedok,
Joetsu,
Sioux Falls,
Calbayog City,
Sultanbeyli,
Kairouan,
Cabo Frio,
Shendi,
Kayapinar,
Shibin al Kawm,
Ed Damazin,
Khujand,
Reims,
Dunhuang,
Huntington,
Mahesana,
Modena,
Guri,
Getafe,
Jamaame,
Breda,
Basel,
Semnan,
Temirtau,
Toyokawa,
Passo Fundo,
Yei,
Ontario,
Luzhang,
Al Qamishli,
Hagerstown,
Fardis,
Chuo-ku,
Erie,
Vancouver,
Nampa,
Geelong,
Fianarantsoa,
Banjar,
Siguiri,
Severodvinsk,
Batala,
Rzeszow,
Bhusaval,
Itajai,
Trondheim,
Cuango,
Aqtau,
Nis,
Bahraigh,
Narashino,
Abakan,
Burlington,
Potsdam,
Pinrang,
Sorsogon,
Dourados,
Spartanburg,
Meram,
Braila,
Gastonia,
Amadora,
Fort Lauderdale,
Uji,
Nova Friburgo,
Tonk,
Reggio di Calabria,
Berazategui,
Khowy,
Sirsa,
Tangail,
Jaunpur,
Dosquebradas,
York,
Petropavlovsk-Kamchatskiy,
Phan Rang-Thap Cham,
Epe,
Sittwe,
Dam Dam,
Jima,
Lhokseumawe,
Roxas City,
Funtua,
Turbo,
Hinthada,
La Rioja,
Madanapalle,
Palopo,
Ayacucho,
Obuase,
Nijmegen,
San Luis Rio Colorado,
Alleppey,
Boma,
Tiaret,
Tyre,
Saarbrucken,
Purwakarta,
Longjing,
Split,
Ilheus,
Toulon,
Klerksdorp,
Lorain,
Barra Mansa,
Tongjiang,
Murfreesboro,
High Point,
Hamm,
Divo,
Tarija,
Al `Arish,
Guli,
Urayasu,
Bida,
Gliwice,
Paita,
Bade,
Newport News,
Townsville,
Langsa,
Dagupan City,
Teziutlan,
Salalah,
Salatiga,
Matosinhos,
Hamilton,
Birjand,
Lin'an,
Chicoloapan,
Vellore,
Bejaia,
Rancho Cucamonga,
Norilsk,
Titagarh,
Nossa Senhora do Socorro,
Baranavichy,
Santa Maria Texmelucan,
Kamakurayama,
Hemet,
Yangmei,
Les Cayes,
Ciudad Valles,
Santander,
Kadugli,
Piraeus,
Linhares,
Ciudad del Carmen,
Letpandan,
Zabrze,
Almada,
Plzen,
Saint-Louis,
Rio Verde,
Santa Cruz,
Ait Melloul,
Comitan,
Danbury,
Peoria,
Orekhovo-Borisovo Yuzhnoye,
Oeiras,
Catumbela,
Eregli,
Oceanside,
Harar,
Burgos,
Shibirghan,
Chandannagar,
Olsztyn,
Cuddalore,
Lagos de Moreno,
Maragheh,
Tebingtinggi,
Alcorcon,
Saint-Etienne,
Chetumal,
Sirjan,
Mexico,
Ludwigshafen,
Elk Grove,
Syzran,
Carupano,
Lubao,
Luziania,
Leon,
Chirala,
San Andres Tuxtla,
Eskisehir,
Castellon de la Plana,
Tiantoujiao,
Bielsko-Biala,
Piedras Negras,
Banha,
Osmaniye,
Bytom,
Linjiang,
Ha Long,
Deo,
Pembroke Pines,
Tlemcen,
Hitachi,
Kindu,
Shahin Shahr,
Le Havre,
Vallejo,
Polomolok,
Banyuwangi,
Albacete,
Bidar,
San Miguel,
Moca,
Mulheim,
Sacaba,
Reggio Emilia,
Barrie,
Krasnogorsk,
Kaolack,
Izumo,
Baliuag,
Niiza,
Surigao,
Francisco Morato,
Garden Grove,
Volgodonsk,
Cuauhtemoc,
Kohat,
Makurdi,
Kamensk-Ural'skiy,
Enterprise,
Loja,
Medford,
N'Zerekore,
Ussuriysk,
Sakura,
Concepcion,
Uvira,
Tomakomai,
Portmore,
Machilipatnam,
Bordj Bou Arreridj,
Malayer,
Cary,
Kluang,
Novocherkassk,
Metouia,
Nishio,
Marysville,
San Luis,
Puerto Montt,
Corona,
Medinipur,
Oldenburg,
Fenglu,
Al Marj,
Sosan,
Ocala,
Uppsala,
Gondomar,
Jamalpur,
Santa Rita,
Warrington,
Baramula,
Fredericksburg,
Oyama,
Ambato,
Huich'on,
Mahabad,
Itapecerica da Serra,
Sao Caetano do Sul,
Rustenburg,
Basuo,
Zlatoust,
Haarlem,
Patra,
Riohacha,
Catape,
Tuguegarao,
Guarapuava,
Gainesville,
Itu,
Fatehpur,
Al Kufah,
Kandy,
Ha Tinh,
Kimberley,
Tenali,
Iwata,
Kismaayo,
Edirne,
Takaoka,
Nador,
Skikda,
Kuytun,
Grenoble,
Osnabruck,
Perugia,
Jiutepec,
Udipi,
Oshawa,
Klaipeda,
Tanjungbalai,
Obihiro,
Midsayap,
Leverkusen,
Hadano,
Kushiro,
Idlib,
Sitalpur,
Bechar,
Conjeeveram,
Proddatur,
Cienfuegos,
Saqqez,
Zhanlicun,
Fukang,
Pikit,
Ramat Gan,
Bhisho,
Turkistan,
Huddersfield,
Bocoio,
Chillan,
Abu Hulayfah,
Odense,
Muridke,
Tema,
Metro,
Ipswich,
Itapetininga,
Myingyan,
Quibala,
Teresopolis,
Ciudad Acuna,
Pocheon,
Navsari,
Sao Jose de Ribamar,
Wau,
Ube,
Muzaffargarh,
Kebili,
Jizzax,
Simao,
San Martin Texmelucan de Labastida,
Mostar,
Naic,
El Geneina,
Jinggang,
Bandar-e Mahshahr,
Manchester,
Godhra,
Anaco,
Sullana,
Musashino,
Reading,
Zemun,
Sariaya,
Tuxtepec,
Jutiapa,
Budaun,
Chittoor,
Benoni,
Andong,
Ash Shatrah,
Rafsanjan,
Al Ghardaqah,
Bontang,
Tulancingo,
Ndalatando,
Apeldoorn,
Elektrostal,
Jequie,
Dong Hoi,
Krishnanagar,
Sherbrooke,
Kidapawan,
San Miguel,
Papantla de Olarte,
Dhamar,
Jose Maria Ezeiza,
Southend,
Ibirite,
Solingen,
Tacheng,
Villeurbanne,
Bayamon,
Braganca Paulista,
Zhengding,
Pindamonhangaba,
Enschede,
Giron,
Dijon,
Khost,
Koudougou,
Darmstadt,
Saint-Marc,
Taunggyi,
Arad,
Gaziantep,
Khanpur,
Huaycan,
San Nicolas de los Arroyos,
Heidelberg,
Miyakonojo,
Pandi,
Kramatorsk,
Seixal,
Livorno,
Shahr-e Kord,
Ekibastuz,
Hat Yai,
Szeged,
Catamarca,
Chirchiq,
La Laguna,
Jijiga,
Champaign,
Alexandria,
George,
Herne,
Ravenna,
Higashimurayama,
Hayward,
Bharuch,
Ogaki,
Saharsa,
Puerto Plata,
Nan Zhuang,
Quipungo,
Cadiz,
Chau Doc,
Guimaraes,
Amersfoort,
Matsuzaka,
Haripur,
Samarra',
San Cristobal,
Springfield,
Ilagan,
Rafael Castillo,
Konya,
Rio Cuarto,
Middelburg,
Angers,
Villanueva,
Gojra,
Teixeira de Freitas,
Lakewood,
Camarajibe,
Lafayette,
Uiwang,
Danao,
Calama,
Chaoshan,
Salzburg,
Mandi Bahauddin,
Isiro,
El Eulma,
Xiaping,
Batumi,
Chlef,
Guaymas,
Pathankot,
Arnavutkoy,
Frederick,
Lajes,
Pitesti,
Poblacion,
Hanam,
Capas,
Ghorahi,
Vidisha,
Cam Pha,
Esmeraldas,
Ar Ramtha,
Kariya,
Lake Charles,
Odessa,
Cagliari,
Zaanstad,
Hitachi-Naka,
Ordu,
Nalgonda,
Timon,
Tuscaloosa,
Palo Negro,
Souk Ahras,
Horad Barysaw,
Colima,
Neuss,
Oxford,
Caxias,
Warner Robins,
Palmdale,
Hoofddorp,
San Juan,
Melitopol,
Zango,
Kafr ash Shaykh,
Balurghat,
Hollywood,
Madinat as Sadis min Uktubar,
Midland,
Dibrugarh,
Veraval,
Alagoinhas,
Mahajanga,
Salavat,
Gandajika,
Leesburg,
Regensburg,
Port Arthur,
Almetyevsk,
Lucapa,
Tama,
Seogwipo,
Tochigi,
Moanda,
Barreiras,
Tete,
Fyzabad,
Noda,
Kanasin,
Ixtlahuaca,
Hoeryong,
San Jose,
Newcastle,
Muskegon,
Sievierodonetsk,
Sinpo,
Dutse,
Silchar,
Minglanilla,
Ueda,
Macon,
Dahuaishu,
Shantipur,
Moriguchi,
Kansas City,
Yilan,
Siem Reap,
Golmeh,
Fengyicun,
Hindupur,
Kawashiri,
Pocos de Caldas,
Logrono,
Sunnyvale,
Peristeri,
Baubau,
Mudon,
Taza,
Erode,
Gwangyang,
Beawar,
Abaetetuba,
Kukichuo,
Consolacion,
Gonbad-e Kavus,
Al Manaqil,
Tororo,
Miass,
Mzuzu,
Delicias,
Nakhodka,
Quevedo,
Asaka,
San Jose,
Pomona,
Cao Lanh,
Foggia,
Escondido,
Vryheid,
Riobamba,
As Suwayhirah as Sahil,
Paderborn,
Sayama,
Miskolc,
Florencio Varela,
Manzanillo,
Pasadena,
Talcahuano,
Kerch,
M'Sila,
Patos de Minas,
Mariveles,
Copiapo,
Kragujevac,
Badajoz,
Nimes,
Sumbawanga,
Araguaina,
Rimini,
Ocumare del Tuy,
Mallawi,
Komaki,
Valdivia,
Valle de Santiago,
Toda,
Clermont-Ferrand,
Gulu,
Pointe-a-Pitre,
Shahrud,
Kutaisi,
Kashikishi,
Penjamo,
Odivelas,
New Bedford,
Saumlaki,
Gloucester,
Potchefstroom,
Imabari,
Arnhem,
Abbottabad,
Concordia,
West Bromwich,
Centro Habana,
Sagay,
Marbella,
Lang Son,
Santiago,
Iruma,
Dongsheng,
Marvdasht,
`Ajlun,
Chingola,
Mauli,
Fairfield,
Habra,
Mostaganem,
Sibiu,
Pemba,
Naperville,
Quilpue,
Yonago,
Dundee,
Disuq,
Kopeysk,
Bellevue,
Binghamton,
Salamanca,
Mbanza Kongo,
Nchelenge,
Ambala,
Turbat,
Mati,
Mangghystau,
Malakal,
Bacau,
Osorno,
Elkhart,
Topeka,
Man,
Mogi Guacu,
Joliet,
Pyatigorsk,
Moshi,
Bizerte,
Dar`a,
Cairns,
Rubtsovsk,
Poole,
Negombo,
Gisenyi,
Cam Ranh,
Wamba,
Odintsovo,
Dadu,
Franco da Rocha,
Misato,
Pleiku,
Etah,
Keren,
Newport,
Calapan,
Colina,
Kolomna,
Mejicanos,
Larisa,
Yima,
Santo Agostinho,
Beaumont,
Parnaiba,
Garcia,
Urdaneta,
Le Mans,
Barrechid,
Arayat,
Settat,
Khairpur Mir's,
Bocaue,
Bani,
Xintang,
Matanzas,
David,
San Justo,
Quchan,
Berezniki,
Porto Seguro,
Shillong,
Cape Coast,
Villa de Cura,
Kusatsu,
Kakamigahara,
Paterson,
Merced,
Kolar,
Al Mukalla,
Flores,
Comayagua,
Dongxing,
Okinawa,
Barranca,
Khasavyurt,
Saguenay,
Cuautitlan Izcalli,
Kumba,
Ruse,
Cekme,
Malasiqui,
Bharatpur,
Florencia,
Pueblo,
Aix-en-Provence,
Coimbra,
Ajdabiya,
Calabayan,
Tyler,
Nawabganj,
Ciego de Avila,
Birkenhead,
Altay,
Ashikaga,
Ghazni,
El Progreso,
Torrance,
Bilbays,
Huelva,
Jau,
Levis,
Bhimavaram,
Jaragua do Sul,
Jinjiang,
Blackpool,
Los Angeles,
Boca Chica,
Telford,
Yuma,
Preston,
Lichinga,
Moundou,
Tetovo,
Bahawalnagar,
Maykop,
Brest,
Kamalshahr,
Fukayacho,
Lausanne,
Gweru,
Tabaco,
Kelowna,
Metairie,
Namacunde,
Irakleio,
Mandsaur,
Rybnik,
Nong'an,
Inezgane,
Rio das Ostras,
Vlore,
Boulogne-Billancourt,
Fujita,
Jahrom,
Surprise,
Columbia,
Athens,
Roseville,
Thornton,
Middlesbrough,
Khuzdar,
Tepatitlan de Morelos,
Abbotsford,
Batu Pahat,
Ruda Slaska,
Porac,
Miramar,
Ozamiz City,
Pecs,
Pasadena,
Kumbakonam,
Kovrov,
Shizhaobi,
Mesquite,
Kokubunji,
Lleida,
Ebina,
Paranagua,
Iguala de la Independencia,
Olathe,
Santa Maria,
Masaya,
Medea,
Yaritagua,
Houma,
Tours,
Fusagasuga,
La Romana,
Tanay,
Ituzaingo,
Al `Aqabah,
Torbat-e Heydariyeh,
Momostenango,
Dawei,
Zielona Gora,
Kuwana,
Atbara,
Pakpattan,
Chicacole,
Pabna,
Botucatu,
Mino,
Shizuishan,
La Trinidad,
Koga,
Tan An,
Sale,
Coquitlam,
Carrollton,
San Jose del Cabo,
Ishizaki,
Grand Junction,
Kokshetau,
Al Khmissat,
Bat Yam,
Candelaria,
Tsuchiura,
Tiruvannamalai,
Piranshahr,
Umtata,
Dipolog,
Charleston,
Orange,
Fullerton,
Sancti Spiritus,
Koganei,
Tultepec,
Jolo,
Zama,
Shunan,
Dumaguete City,
Mojokerto,
Darwin,
Ingolstadt,
Mandya,
Greeley,
Ch'ungmu,
Tarragona,
Birganj,
Palhoca,
Lira,
Carcar,
Negage,
Gunungsitoli,
Yunxian Chengguanzhen,
Atibaia,
Jyvaskyla,
Bankura,
Kigoma,
Vila Franca de Xira,
Quillacollo,
Garanhuns,
Livingstone,
Bima,
Dos Hermanas,
Kisarazu,
Parla,
Curico,
Porto Amboim,
Nasugbu,
Gingoog,
Maia,
Uppsala,
Yaizu,
Carolina,
Marivan,
Santa Tecla,
Inazawa,
Stara Zagora,
Amiens,
Chech'on,
Norzagaray,
Jinotega,
Tiraspol,
Pageralam,
Tizi Ouzou,
Ksar El Kebir,
Termiz,
Floridablanca,
Targu-Mures,
Las Cruces,
's-Hertogenbosch,
Salerno,
Rionegro,
Panama City,
Blitar,
Harlingen,
Toowoomba,
Chiang Mai,
Brighton,
Tobruk,
Tauranga,
Pyay,
Ramapo,
Shuangcheng,
Angono,
Cartago,
Urganch,
May Pen,
Zafarwal,
West Valley City,
Andimeshk,
Santa Rita,
Daraga,
Milagro,
Nakhon Ratchasima,
El Oued,
Ashqelon,
Mataro,
Teofilo Otoni,
Hagonoy,
Laghouat,
Moron,
Shahreza,
Zabol,
Apatzingan de la Constitucion,
Hampton,
Famalicao,
Naga,
Trois-Rivieres,
Torrejon de Ardoz,
Zhangmu Touwei,
Londuimbali,
Rehovot,
Batticaloa,
Tabora,
Navoiy,
Tando Allahyar,
Idfu,
Segou,
Warren,
Isahaya,
Mauldin,
Bloomington,
Jiangshan,
Apopa,
Coral Springs,
Innsbruck,
Battambang,
Ome,
Jijel,
Matagalpa,
Gondia,
Gyor,
Hassan,
Pitalito,
Round Rock,
Abiko,
Talavera,
Yakima,
Khorramshahr,
Limoges,
Crato,
Tra Vinh,
Ouargla,
Sinop,
San Carlos,
Ninh Binh,
Kamez,
Cameta,
Ibarra,
Jaramana,
San Luis,
Sterling Heights,
Stavanger,
Kent,
Ferrara,
San Juan,
Calabozo,
Pilibhit,
Chicomba,
Palghat,
Guelph,
Buea,
Los Guayos,
Nanqiaotou,
Ji-Parana,
Rijeka,
Guagua,
Palakollu,
Spanish Town,
Parepare,
Surat Thani,
Narita,
Relizane,
Kayseri,
Silay,
Burlington,
Nueva Concepcion,
City of Isabela,
Abohar,
Tychy,
Marand,
Kanchrapara,
Quibdo,
Girardot,
Pouso Alegre,
Rustavi,
T,
o,
T,
o,
Tokyo,40700000
Jakarta,33430285
Delhi,28514000
Manila,13484482
Sao Paulo,12400232
Seoul,9443722
Mumbai,18414288
Shanghai,41354149
Tokyo,
Jakarta,
Delhi,
Manila,
Sao Paulo,
Seoul,
Mumbai,
Tokyo,
Jakarta,
Delhi,
Manila,
Sao Paulo,
Seoul,
Tokyo,
Jakarta,
Delhi,
Manila,
Sao Paulo,
Seoul,
Tokyo,
Jakarta,
Delhi,
Manila,
Tokyo,40700000
Jakarta,33430285
Delhi,28514000
Manila,13484482
Sao Paulo,12400232
Seoul,9443722
Mumbai,18414288
Shanghai,41354149
Mexico City,21804515
Guangzhou,18676605
Cairo,22200000
Beijing,22366547
New York,20140470
Kolkata,4496694
Moscow,17000000
Bangkok,14626225
Dhaka,22478116
Buenos Aires,15624000
Osaka,19303000
Lagos,8048430
Istanbul,15907951
Karachi,16051521
Kinshasa,17239463
Shenzhen,17560000
Bangalore,10456000
Ho Chi Minh City,21281639
Tehran,9400000
Los Angeles,13200998
Rio de Janeiro,12280702
Chengdu,20937757
Baoding,11194382
Chennai,12395000
Lahore,11126285
London,14257962
Paris,13024518
Tianjin,11165706
Linyi,11018365
Shijiazhuang,11235086
Zhengzhou,12600574
Nanyang,9713112
Hyderabad,7749334
Wuhan,12326500
Handan,9433000
Nagoya,10240000
Weifang,9386705
Lima,9751717
Zhoukou,9026015
Luanda,8330000
Ganzhou,8970014
Tongshan,7717983
Kuala Lumpur,1982112
Chicago,9618502
Heze,8287693
Chongqing,32054159
Hanoi,20000000
Fuyang,8200264
Changsha,7355198
Dongguan,10466625
Jining,8081905
Jinan,9202432
Pune,6200000
Foshan,9498863
Bogota,7968095
Ahmedabad,9090000
Nanjing,9314685
Changchun,9066906
Tangshan,188800
Cangzhou,7300783
Dar es Salaam,5383728
Hefei,9465881
Hong Kong,7276588
Shaoyang,6563520
Zhanjiang,6981236
Shangqiu,7816831
Nantong,7726635
Yancheng,7200000
Nanning,8741584
Hengyang,6645243
Zhumadian,7008427
Shenyang,9070093
Xingtai,7111106
Xi'an,12952907
Santiago,6903479
Yantai,6968202
Riyadh,7676654
Luoyang,7056699
Kunming,8460088
Shangrao,6491088
Hangzhou,11936010
Bijie,6536370
Quanzhou,8782285
Miami,6091747
Wuxi,7462135
Huanggang,5882719
Maoming,6174050
Nanchong,5607565
Zunyi,6606675
Qujing,6155400
Baghdad,438317
Xinyang,6234401
Jieyang,5877025
Khartoum,5274321
Madrid,3223334
Allahabad,1536218
Yulin,5796766
Changde,5279102
Liaocheng,5952128
Qingdao,10071722
Dallas,7637387
Nangandao,6251929
Xiangyang,5260951
Philadelphia,6245051
Giza,4367343
Lu'an,4393699
Zhaotong,5213533
Yichun,1148126
Dezhou,5748500
Nairobi,10400676
Nanchang,6255007
Tai'an,5635000
Dazhou,5385422
Houston,7122240
Guadalajara,5286642
Yongzhou,5289824
Atlanta,6144050
Rangoon,7360703
Toronto,6202225
Suihua,3756167
Saint Petersburg,5351935
Washington,297977
Qiqihar,4067489
Suzhou,12748252
Shantou,5502031
Weinan,5520772
Changzhou,4592431
Singapore,5453600
Fuzhou,8291268
Pudong,5599600
Belo Horizonte,2721564
Zhangzhou,5054328
Yuncheng,4774508
Suzhou,12748252
Xianyang,5096001
Guilin,4931137
Taizhou,6662888
Abidjan,6321017
Huaihua,5000000
Ji'an,4469176
Xiaoganzhan,
Pingdingshan,4987137
Jiujiang,4600276
Surat,6936534
Guiyang,5987018
Alexandria,159467
Bozhou,4996844
Sydney,5231147
Huizhou,6042852
Huai'an,4556230
Chenzhou,4581778
Barcelona,1620343
Anqing,4165284
Suqian,4986192
Boston,4941632
Jiangmen,4798090
Mianyang,4868243
Harbin,10009854
Huanglongsi,
Melbourne,4917750
Zibo,4530597
Dalian,7450785
Hengshui,4340773
Yibin,4588804
Yangzhou,4459760
Timbio,
Johannesburg,10500000
Yiyang,210000
Guigang,4316262
Xinpu,
Meizhou,3873239
Casablanca,3359818
Langfang,5464087
Zhangjiakou,4650000
Chifeng,4035967
Linfen,3976481
Jiangguanchi,4379998
Kabul,5385526
Phoenix,4845832
Luzhou,4254149
Taiyuan,156000
Zhaoqing,4113594
Xiaoxita,520186
Xiamen,5163970
Fuzhou,8291268
Liuzhou,3758700
Zhuzhou,3855609
Amman,4061150
Jeddah,4697000
Chuzhou,3937868
Loudi,3785627
Deyang,3456161
Qingyuan,3969473
Kano,15076892
Wuhu,3644420
Seattle,4018762
Yokohama,3769595
Binzhou,3928568
Baojishi,3321853
Zaozhuang,3855601
Neijiang,3140678
Baicheng,2033058
Berlin,6144600
Anshan,3325372
Lanzhou,4359446
Puyang,3772088
San Francisco,4623264
Jiaozuo,1424500
Hechi,3991900
Montreal,4291732
Detroit,4365205
Chengde,3473200
Busan,3331444
Algiers,4510000
Hanzhong,3211462
Shiyan,3209004
Lucknow,3500000
Siping,191126
Yulinshi,3634750
Changzhi,3180884
Qinzhou,3302238
Bazhou,165400
Qincheng,
Zhongshan,4418060
Suining,3252551
Leshan,3160168
San Diego,3298634
Faisalabad,3204726
Guang'an,3254883
Tongren,811399
Bengbu,3296408
Santa Cruz,262382
Qinhuangdao,3136879
Tongliao,2873168
Jinzhou,2703853
Zhenjiang,3210418
Urumqi,4054000
Heyuan,2837686
Jaipur,3046189
Xinzhou,3067501
Wuzhou,2820977
Addis Ababa,5227794
Chaoyang,3452460
Brasilia,4291577
Mashhad,118884
Shaoguan,2855131
Kuwait City,3000000
Shanwei,2935469
Quezon City,1403895
Minneapolis,3690512
Kyiv,1795079
Sanaa,100000
Meishan,2955219
Guatemala City,108889
Incheon,2962388
Ningde,2821996
Tampa,3175275
Daqing,2781562
Putian,3210714
Bandung,11790656
Surabaya,9570870
Salvador,2406709
Denver,2963821
Rome,301230
La Paz,2187223
Hohhot,3446100
Xiangtan,210000
Pyongyang,3060900
Taichung,2635000
Weihai,2906548
Rizhao,2968365
Mudanjiang,2290208
Kaohsiung,2565000
Guayaquil,3113725
Tieling,2388294
Cawnpore,2767031
Dingxi,2524097
Taipei,9078000
Nanping,2680645
Zigong,2489256
Chaozhou,2568387
Baotou,2709378
Gulou,1109600
Longyan,2559545
Ankang,2656000
Baoshan,2506491
Huludao,2434194
Antananarivo,1275207
Yanjiang,905729
Chattogram,5379660
Santo Domingo,1402749
Sanming,2503388
Longba,170000
Brooklyn,20140470
Yangjiang,2602959
Jiamusi,2156505
Ibadan,2559853
Luohe,2367490
Lincang,2429505
Medellin,6407102
Xuanzhou,864000
Yunfu,2383400
Dubai,3515813
Mirzapur,245817
Tashkent,2909466
Guangyuan,2305657
Cali,3400000
Huangshi,2469079
Ouagadougou,3030384
Daegu,2366852
Fortaleza,4167996
Yaounde,2765600
Douala,475442
Jilin,191126
Dandong,2188436
Lianshan,542709
Yingkou,2328582
Nagpur,2405665
Omdurman,2395159
Bekasi,2564940
Ghaziabad,1729000
Yuxi,2568000
Brisbane,2582007
Anshun,2297339
Depok,2056400
Shangzhou,11936010
Huainan,3033528
Kuaidamao,
Accra,284124
Fukuoka,2565501
Jincheng,2279151
Vancouver,2642825
Tangerang,1930556
Sanmenxia,2034872
Laibin,2498236
Queens,2405464
Qinbaling,
Xining,2467965
Ma'anshan,2159930
Yan'an,2255700
Baku,5105200
Gaoping,130500
Harare,390757
Havana,3929028
Phnom Penh,2281951
Ningbo,9618000
Mogadishu,4249083
Puning,2054703
Medan,4744323
Huaibei,1970265
Qingyang,2179716
Riverside,4599839
Baltimore,2844510
Haiphong,951723
Las Vegas,2265461
Chongzuo,2347700
Rawalpindi,3108063
Kumasi,238535
Portland,2511612
Vadodara,4000000
Hezhou,2007858
Pingliang,1848607
San Antonio,2601788
Perth,2192229
Vishakhapatnam,1728128
Shengli,101300
Gujranwala,2027001
Baicheng,2033058
Fushun,145900
St. Louis,2809299
Bamako,2757234
Quito,3156182
Minsk,1996553
Indore,1994397
Yinchuan,2859074
Kananga,1170000
Peshawar,1970042
Sapporo,1973832
Esfahan,107018
Caracas,2956813
Pingxiang,166919
Aleppo,2098210
Tijuana,2002000
Almaty,2724900
Vienna,2890577
Thane,1886941
Sacramento,2397382
Blantyre,118484
Tainan,1205000
Zhuhai,2439585
Bucharest,2259669
Curitiba,3731769
Multan,1827001
Xiping,682200
Ecatepec,21804515
Jixi,1502060
Saidu Sharif,881913
Liaoyang,1604580
Hamburg,5425628
Meru,1545714
Brazzaville,1696392
Orlando,2691925
Fuxin,1647280
Wuwei,1815054
Manaus,2219580
Bhopal,1798218
San Jose,2000468
Warsaw,1863056
Lubumbashi,2584000
Davao,2770671
Haikou,2046189
Damascus,2079000
Shuyangzha,
Brussels,2500000
Lusaka,2238569
Hyderabad City,7749334
Budapest,2897317
Shuozhou,1714857
Cleveland,2075662
Benxi,1326018
Baiyin,1740800
Pittsburgh,2370930
Patna,3874000
Mosul,1683000
Caloocan City,700279
Austin,2283371
Sanzhou,12748252
Beihai,1539300
Mecca,1578722
Heihe,1286401
Jingdezhen,1669057
Conakry,1660973
Kampala,1680600
Cincinnati,1686744
Recife,3743854
Yushan,594800
Zhongli,425604
Kansas City,2392035
Manhattan,1694251
Bilaspur,652851
Semarang,3183516
Ludhiana,1618879
Novosibirsk,1473754
Chengtangcun,
Agra,1585704
Karaj,2512737
Wenzhou,9572903
Indianapolis,2111040
Leon de los Aldama,2140354
Puebla,3199530
Kalyan,1246381
Madurai,1465625
Mbuji-Mayi,2643000
Hebi,1565973
Shiraz,122608
Jamshedpur,831001
Columbus,2138926
Tabriz,3909652
Maracaibo,5278448
Kawasaki,1531646
Aba,2534265
Palembang,1668848
Zhangjiajie,1476521
Kobe,2419973
Charlotte,2660329
Changshu,1515900
Lianjiang,1476200
Ximeicun,
Jianguang,
Yucheng,826500
Belem,2249405
Guiping,1700000
Leizhou,279124
Gwangju,1432651
Munich,2606021
Nasik,2962769
Porto Alegre,4405769
Valencia,5057353
Onitsha,1080000
Abu Dhabi,1512000
Virginia Beach,1799674
Daejeon,1469543
Zapopan,1476491
Yekaterinburg,1349772
Huazhou,1178809
Kyoto,3783014
Shuangyashan,1462626
Pizhou,655000
El Kelaa des Srarhna,754705
Kharkiv,1421125
Yangshe,3526260
Guyuan,1455200
Khulna,1500689
Muscat,309500
Bronx,20140470
Gaozhou,1328658
Chizhou,1342764
Faridabad,1414050
Ulaanbaatar,1564116
Goiania,2654860
Fuqing,8291268
Belgrade,6690887
Pingdu,1377900
Milan,4336121
Aurangabad,1175116
Yutan,835899
Milwaukee,1574731
Huangshan,1470000
Auckland,1695200
Makassar,2698915
Santiago,6903479
Prague,1275406
Rajkot,2000000
Liangshi,
Cordoba,325708
Guarulhos,1392121
Al Basrah,438317
Saitama,1324854
Juarez,1501551
Montevideo,1719453
Xintai,1274200
Wusong,
Meerut,1571434
Yushu,416600
Rongcheng,738600
Huazhou,1178809
Yangquan,1368502
Adelaide,1387290
Baishan,1296575
Dayan,
Haicheng,1067905
Jiangyin,3526260
Huaiyin,4556230
Wuzhong,1415400
Cacuaco,1279488
Barranquilla,2370753
Sofia,6520314
Soweto,1271628
Jabalpur,1055525
Rucheng,512799
Nizhniy Novgorod,1250619
Shaoyang,6563520
Dhanbad,1162472
Comayaguela,1157744
Laiwu,1298529
Sharjah,1274749
Jingling,9314685
Kazan,1143535
Suwon,1189654
Yongcheng,1241500
Calgary,1481806
Can Tho,894500
Abuja,6000000
Mandalay,1319452
Beidao,9596961
Xiangshui,600000
Dadukou,
Vila Velha,501325
Chelyabinsk,1130132
Mombasa,3528940
Providence,1604291
Varanasi,1597051
Qom,1260000
Zhangye,1199515
Hiroshima,1431634
Maiduguri,758700
Maputo,1766823
Doha,956457
Rosario,1276000
Pikine,1170791
Xinyu,1138873
Ahvaz,1410000
Jacksonville,1733937
Medina,785204
Srinagar,1273312
Omsk,1154116
Liaoyuan,1176645
Cilacap,1963824
Yingtan,1124906
Bandar Lampung,1166066
Samara,1164685
Guankou,410300
Ulsan,1111707
Dingzhou,414000
Campinas,3656363
Lianyuan,180799
Dakar,1146052
Rongcheng,738600
Kaiyuan,299000
Nay Pyi Taw,924608
Kigali,1517168
Leiyang,569000
Yichun,1148126
Benin City,1050000
Birmingham,1115289
Xiantao,404000
Amritsar,1583961
Callao,1300000
Monterrey,5341171
Aligarh,240928
Yingchuan,2859074
Ciudad Nezahualcoyotl,1077208
Tripoli,1065405
Nampo,703317
Rostov,1089261
Tegucigalpa,1157744
Tbilisi,1485293
Guwahati,957352
Ufa,1062319
Fes,1112072
Bien Hoa,1232000
N'Djamena,1605696
Ikare,
Salt Lake City,1257936
Bhilai,1064077
Haora,1077075
Tamale,950124
Xibeijie,
Copenhagen,2135634
Nezahualcoyotl,1077208
Hanchuan,376000
Gongzhuling,180700
Krasnoyarsk,973826
Cologne,8711712
Yicheng,137500
Zhufeng,
Sao Goncalo,1091737
Nashville,1989519
Yerevan,1420000
Nur-Sultan,1400000
Nouakchott,1195600
Vereeniging,12272263
Richmond,1263617
Sao Luis,1227659
Ranchi,1073427
San Pedro Sula,760182
Taixing,1185600
Gwalior,1054420
Memphis,1337779
Goyang,1074784
Bezwada,1723000
Edmonton,1418118
Bishkek,1074075
Mizhou,126254
Tunis,2658816
Xishan,423000
Ezhou,1079353
Barquisimeto,1240714
Sendai,1612499
Hegang,891271
Kathmandu,845767
Mexicali,1102342
Voronezh,1047549
Perm,991162
Changwon,1070199
Zhongwei,1174600
Shouguang,1103110
Bogor,1114018
Raleigh,1413982
Cartagena,914552
Chandigarh,1025682
Matola,1032197
Jodhpur,1033756
Ogbomoso,2000000
Shymkent,160000
Niamey,1267000
Taizhou,6662888
Managua,1401687
Bagam,261227
Shubra al Khaymah,1099354
Maceio,1031597
Monrovia,1661049
Wafangdian,330400
Zhongxiang,274000
Odesa,1010537
Port-au-Prince,987310
New Orleans,1270530
Villahermosa,353577
Thu Duc,1013795
Volgograd,1021215
Mysore,1261000
Islamabad,1009832
Xinyi,1014577
Raipur,1010087
Arequipa,1034736
Port Harcourt,1005904
Louisville,1395634
Zaoyang,326000
Shuizhai,
Xingyi,176167
Kota,1001694
Quetta,1001205
Ottawa,1488307
Stockholm,2440027
Asmara,1258001
Freetown,1500234
Vientiane,236800
Jerusalem,652000
Bangui,812407
Panama City,1500189
Amsterdam,2480394
Lome,1477660
Libreville,703904
Zagreb,1107150
Dushanbe,142326
Lilongwe,989318
Cotonou,679012
Colombo,5648000
Pretoria,2921488
Winnipeg,834678
Quebec City,839311
Oslo,1588457
Athens,3722544
Bujumbura,1075000
Helsinki,1536810
Skopje,607007
Chisinau,779300
Riga,870000
Kingston,172546
Rabat,2120192
Vilnius,625349
San Salvador,2406709
Djibouti,302000
Dublin,2858501
The Hague,2390101
Asuncion,2722668
Lisbon,
Bratislava,475503
Kitchener,575847
Tallinn,437811
Beirut,
Cape Town,4710000
Tirana,912190
Wellington,434900
Dodoma,213636
Halifax,465703
Bissau,492004
Canberra,453558
Juba,525953
Yamoussoukro,340234
Victoria,397237
Maseru,330760
Nicosia,270000
Windhoek,431000
Port Moresby,364145
Porto-Novo,264320
Sucre,390000
San Jose,2000468
Ljubljana,295504
Sarajevo,555210
Nassau,274400
Bloemfontein,747431
Fort-de-France,361225
New Delhi,28514000
Gaborone,421907
Paramaribo,240924
Dili,234331
Male,579330
Georgetown,1357960
Gibraltar,
Saint-Denis,112852
Malabo,297000
Podgorica,185915
Manama,436000
Port Louis,147066
Willemstad,136660
Bern,133883
Papeete,136771
Luxembourg,645397
Reykjavik,233034
Praia,159050
Sri Jayewardenepura Kotte,2234289
Bridgetown,110000
Moroni,111326
Thimphu,114551
Bareilly,933671
Quang Ha,136010
Xingcheng,197200
Dongtai,1098100
Al Mansurah,638037
Yingcheng,181000
Chiba,6278060
Pekanbaru,1085000
Luocheng,360000
Dnipro,1407641
Danyang,806300
Natal,1631016
Nada,
Zamboanga City,4710000
Kirkuk,438317
Naples,322000
Wuchuan,927275
Huilong,
Oklahoma City,1441695
Morelia,988704
Cebu City,3164337
Shaoxing,5270977
Coimbatore,130058
Santo Domingo Este,701269
Setagaya,943664
Songnam,994271
Taishan,907044
Fangchenggang,860100
Solapur,951118
Tangier,947952
Anqiu,962000
Feicheng,968100
Kermanshah,1083833
Kitakyushu,940978
Meishan,2955219
Khartoum North,1012211
Kisangani,1040000
Aguascalientes,1225432
Marrakech,928850
Donetsk,1560000
Trujillo,1778080
Taihe,1782000
Bridgeport,939904
Trichinopoly,1022518
Xin'an,490200
Taihecun,9078000
Naucalpan de Juarez,833779
Owerri,1401873
Padang,1015000
Qingzhou,963600
Buffalo,1125637
Lichuan,226500
Daye,301100
Fort Worth,918915
Hengzhou,11936010
Campo Grande,
Zhuanghe,347800
Hartford,1214295
Bobo-Dioulasso,1129000
Ad Dammam,4140000
Lhasa,464736
Jiaozhou,907500
Taguig City,449359
Merida,1201000
Yangchun,849504
Bucheon,848123
Dengtalu,
Antipolo,471250
Hubli,943857
Abeokuta,1117000
Cancun,888797
Tucson,1043433
Krasnodar,744995
Natal,1631016
Chihuahua,247460
Klang,842146
Turin,847287
Ar Ramadi,223500
Laiyang,872000
Sale,4917750
Jalandhar,1096000
Kaifeng Chengguanzhen,4824016
Ikeja,313196
Malang,3663691
Marseille,1879601
Saltillo,151595
Gaomi,896444
Ipoh,1022240
Hai'an,863000
Oran,6089731
Hermosillo,179355
Weichanglu,
Shache,844700
Leping,852800
Hailun,756616
Macheng,275800
Akure,484798
Ilorin,777667
Teresina,1226578
Yuci,904518
Omaha,967604
Saratov,837900
Erbil,438317
Iguacu,258248
El Paso,868859
Pasig City,457370
Denpasar,2245620
Dehui,250000
Bhubaneshwar,837321
Tongchuan,
Cheongju,849207
Warri,1043122
Pointe-Noire,715334
Sakai,819965
Rongjiawan,
Butterworth,107591
Renqiu,383500
Honolulu,853252
Xindi,
Wu'an,247800
Sao Bernardo do Campo,844483
Gaoyou,240000
Culiacan,1003530
Hejian,175400
Yiyang,210000
Puxi,5599600
Zijinglu,
Joao Pessoa,1290223
McAllen,870781
Queretaro,1594212
Abaete,
Palermo,676118
Qingping,
Valencia,5057353
Niigata,1060013
Leeds,812000
Moradabad,889810
Hamamatsu,1129296
Xiangxiang,235000
Chaohucun,
Fuyang,8200264
Homs,945299
Lubango,776246
San Luis Potosi,1972550
Cencheng,840000
Dali,652700
Hamhung,768551
Krakow,1498499
Hempstead,793409
Frankfurt,759224
Al `Ayn,177150
Songzi,130700
Laixi,762400
Bahawalpur,762111
Zhongba,182000
Kaduna,760084
Qingnian,2580000
Albuquerque,916528
Xinhualu,1110910
Nerima,752608
Guangshui,432713
Tlajomulco de Zuniga,378965
Samarinda,834824
Pietermaritzburg,618536
Changhua,1245824
Kolhapur,561489
Sizhan,859001
Ciudad Guayana,950000
Cucuta,1046347
Licheng,160000
Ota-ku,748081
Thiruvananthapuram,957730
Tyumen,581907
Nampula,743125
Zaporizhzhia,710052
Chengguan,
Kumamoto,738907
Nehe,677559
Birmingham,1115289
Zunhua,243200
Valenzuela,443611
Orumiyeh,1000000
Wugang,279000
Osogbo,395500
Shuangqiao,
Comodoro Rivadavia,182631
Cagayan de Oro,1687159
Langzhong,250000
Qian'an,300000
Lviv,717273
Zouping,808300
An Najaf,438317
Sagamihara,723470
Sarasota,720042
Mississauga,717961
Okayama,720841
Anlu,205400
Dayton,814049
Changsha,7355198
Torreon,1497734
Shihezi,640000
George Town,2833957
Enugu,722664
Soledad,439035
Jaboatao,706867
Yanggok,7360703
Yatou,
Santo Andre,721368
Xichang,481796
Bhiwandi,874032
City of Paranaque,346078
Dasmarinas,400074
Chengxiang,3210714
Saharanpur,3466382
Warangal,753438
Edogawa,697932
Osasco,699944
Dashiqiao,261600
Latakia,709000
Rochester,1067486
Fresno,1008654
Banjarmasin,2184427
Salem,614337
General Santos,360232
Hamah,1628000
Bacoor,294496
Shishi,313500
Guadalupe,383559
Adachi,695043
Qianxi,391300
Tolyatti,707408
Macau,682300
Bauchi,4676465
Hamilton,785184
Lodz,1100000
Miluo Chengguanzhen,158000
Gaizhou,231100
Malegaon,481228
Karbala',438317
Leling,676000
Sao Jose dos Campos,2528354
Sevilla,1519639
Jianshe,1091872
Shizuoka,988056
Jingcheng,2279151
Kochi,677381
Allentown,865310
Tasikmalaya,1339891
Rasht,679995
Xinmin,178900
Zhongshu,22366547
Xigaze,182000
Gorakhpur,1300000
As Sulaymaniyah,878146
Zaragoza,675301
Acapulco de Juarez,1021000
Bahar,119082
Palermo,676118
Guankou,410300
Tulsa,1023988
Tlaquepaque,4424252
Mazatlan,502547
Songyang,323400
Cape Coral,760822
Ch'ongjin,627000
Puyang Chengguanzhen,3772088
Qionghu,720000
Ribeirao Preto,711825
Zhaodong,859001
Huambo,1896147
Wenchang,115000
Shulan,133200
Tlalnepantla,16992418
Catia La Mar,
Sargodha,659862
Al Hufuf,150000
Durango,202983
Jalingo,
Bouake,832371
Sialkot City,655852
San Jose del Monte,261740
Ansan,644583
Lingbao Chengguanzhen,736300
Hwasu-dong,
Hue,652572
Shimoga,322650
Bulawayo,1200337
Xiping,682200
Sanhe,219400
Guntur,743354
Concord,538583
Contagem,668949
Tiruppur,963173
Ch'onan,657701
Tripoli,1065405
Honcho,
Dusseldorf,11300000
Izhevsk,1452914
Guixi,640000
Sorocaba,1898000
Petaling Jaya,902086
Tengyue,620000
Wuxue,293000
Kikwit,458000
Colorado Springs,755105
Qufu,188000
Gaobeidian,141600
Ruiming,
Wroclaw,1300000
Gold Coast,640778
Xinshi,143186
Ta`izz,2612000
Aracaju,664908
Cochabamba,1370104
Jeonju,652392
Jin'e,
Barnaul,612401
Makati City,458362
Stuttgart,5465093
Rotterdam,2390101
Changping,2269487
Benghazi,1110000
Kryvyi Rih,1170953
Raurkela,600000
Halwan,521239
Charleston,684773
Chimalhuacan,614453
Xinxing,428410
Suohe,648700
Mangalore,575001
Zhuangyuan,268300
Glasgow,632350
Namangan,1010000
Ulyanovsk,156996
Irkutsk,767900
Nanded,550439
Jos,622802
Pontianak,663713
Villa Nueva,618397
Bazhou,165400
Springfield,699162
Turpan,633400
Las Pinas City,291074
Meihekou,285100
Jurong,262730
Feira de Santana,819609
Khabarovsk,577441
Xinji,198900
Serang,720362
Kandahar,1431876
Sanya,1031396
San Miguel de Tucuman,830000
Yaroslavl,591486
Zhangshu,609771
Bagcilar,749024
Grand Rapids,605666
Vladivostok,604901
Kuantan,
Gothenburg,1058278
Cuttack,666702
Jambi,3585119
Cimahi,571632
Bacolod,994309
Zhuozhou,354600
Uberlandia,699097
Tianchang,628900
Kawaguchi,607373
Itabashi,584483
Suginami-ku,588354
Tuxtla,848274
Tumkur,400442
Leipzig,1001220
Balikpapan,695287
Qamdo,110154
Durban,595061
Chanda,
Kagoshima,1564175
Al Hillah,455700
Makhachkala,572076
Sihui,542873
Mar del Plata,682605
Irapuato,380941
Brampton,656480
Luocheng,360000
Pereira,467269
Mission Viejo,646843
Dortmund,11300000
Reynosa,1500000
Chuxiong,480000
Zahedan,180726
Jinhua,7050683
Albany,1170483
Shah Alam,740750
Knoxville,868546
Cuiaba,927362
Shangzhi,560448
Essen,579432
Botou,171300
Bucaramanga,870752
Anyang,5477614
Genoa,580097
Port Sudan,489725
Puente Alto,492603
Dehra Dun,978983
At Ta'if,688693
Bakersfield,909235
Wancheng,938200
Malaga,571026
Hachioji,561344
Ogden,694863
Xiulin,
Fu'an,676624
Tomsk,156996
Tonala,
Kumul,
Bristol,472500
Luofeng,
Lingyuan,224000
Irbid,569068
Baton Rouge,870569
Huzhou,3367579
Wencheng,9572903
Bremen,2400000
Ciudad Bolivar,916445
Durgapur,3000000
Orenburg,548331
Shenzhou,191000
Asansol,1243414
Akron,702219
Kuiju,
New Haven,862477
Zhenzhou,12600574
Surakarta,3649254
Jieshou,834000
Benguela,561775
Ensenada,279765
Dangyang,189000
Columbia,1141748
Kemerovo,532981
Herat,3780000
Dresden,555351
Bhavnagar,2393272
Juiz de Fora,573285
Luanzhou,540000
Hamadan,673405
Novokuznetsk,547904
Nellore,600869
Chiclayo,552508
Manchester,2705000
Al Hudaydah,3921000
Amravati,647601
Cabinda,824143
Korla,770000
Huanghua,200000
Muntinlupa City,311750
Londrina,588125
Tabuk,667000
Heroica Matamoros,1387985
Samarkand,950000
Xingcheng,197200
Kaiyuan,299000
Hannover,1119032
Valledupar,431794
Fengcheng,1480000
Ajmer,2583052
Ghulja,345000
Tinnevelly,497826
City of Calamba,332844
Xiangyang,5260951
Fuding,290850
An Nasiriyah,
Al Hillah,455700
Ibague,492554
Ryazan,524927
Kassala,1171118
Chang'an,807400
Kerman,1658895
Koto-ku,524310
Poznan,529410
Aksu,843000
Salta,619000
Astrakhan,520339
Wuhai,631000
Mingguang,645000
Naberezhnyye Chelny,513193
Antwerp,529247
Touba,196712
Ardabil,529374
Bikaner,844406
Lyon,2293180
Agartala,578577
Ndola,451246
Himeji,525682
Tultitlan de Mariano Escobedo,486998
Villavicencio,492052
Ailan Mubage,
Bandar `Abbas,1776415
Bac Ninh,331699
Ciudad Apodaca,4150000
Santa Teresa del Tuy,811166
Maipu,464882
Penza,517311
Soacha,655025
Port Said,
Yucheng,826500
Meknes,632079
Arak,1429475
Pohang,497197
Longzhou,420000
Anda,15505000
Jinghong,205000
Sheffield,556500
Utsunomiya,1103745
Suez,744189
Nuremberg,3557648
Liverpool,2241000
Mesa,504258
Surrey,568322
Heshan,530684
Zhoushan,1157817
Ujjain,885566
Jiaji,483217
Santa Marta,455299
Joinvile,597658
Beining,22366547
Hai Duong,1936800
Carrefour,511345
Maturin,647459
Homyel',526872
Ananindeua,535547
Yanji,548700
Yicheng,137500
Ulhasnagar,506098
Lipetsk,508887
Al `Amarah,511542
Choloma,227535
Sevastopol,479394
Encheng,157100
Aden,863000
Kitwe,517543
Matsuyama,505948
Jhansi,240928
Kashgar,711300
Palm Bay,606612
Pingtung,194121
Lapu-Lapu City,245395
Monteria,490935
Ichikawa,491716
Imus,224081
Davangere,435125
Jammu,657314
Yiwu,1859390
Belas,1246700
Talatona,
Ile-Ife,509035
Kirov,473695
Jiaxing,5400868
Mykolaiv,470011
Provo,697141
Meicheng,4313084
Niteroi,515317
Matsudo,498575
Sukkur,551357
Oujda-Angad,558000
Taozhou,6662888
Higashi-osaka,489077
Johor Bahru,858118
Worcester,978529
Hongjiang,413036
Chimbote,371012
Duisburg,8711712
Qaraghandy,497777
Ixtapaluca,495563
Dengtacun,
Zhijiang,101800
Chengjiao,410699
Beipiao,184000
Suoluntun,
Murrieta,110949
Kota Bharu,568900
Ciudad Lopez Mateos,489937
Celaya,468469
Vinh,502140
Duyun,493574
Los Mochis,256613
Nyala,565734
Larkana,1521786
Nishinomiya-hama,484368
`Ajman,4106427
Cheboksary,453721
Yuanping,184200
Toulouse,1470899
Edinburgh,506520
Belgaum,490045
Tula,501169
Shahe,107756
Serra,527240
Gaoping,130500
Greenville,928195
Gulbarga,2566326
Dunhua,201900
Brookhaven,485773
Az Zarqa',635160
Sylhet,130170
Wichita,647919
Toledo,608145
Kaihua,340000
Jamnagar,479920
Fuyuan,126694
Dhulia,750000
Gaya,823001
Florianopolis,1111702
Chiniot,278747
Jiannan,542100
Oita,1136245
Kaliningrad,431402
Nangong,149500
Kurashiki,483576
Staten Island,495747
Kucukcekmece,783356
San Juan,2350126
Vila Velha,501325
Mazar-e Sharif,1543464
Macapa,512902
Shekhupura,3460426
Des Moines,699292
Piura,484475
Mandaluyong City,232492
Jiaojiangcun,
Laohekou,281000
Kagithane,421356
Angeles City,846923
Pasay City,276579
Beian,
Fujin,452379
Leicester,368600
Xiaoyi,293600
Lanus,212152
Qingzhen,467438
Ba`qubah,467900
Katsushika-ku,453093
Buraydah,745353
Gdansk,1080700
Marikina City,260749
Manado,451916
Campos,511168
Calabar,371022
Kanazawa,466029
Iloilo,2051899
Long Beach,466742
Kuqa,492535
Jalgaon,650000
Cranbourne,
Port St. Lucie,487657
Murcia,1511251
Maua,477552
Fukuyama,468812
Tel Aviv-Yafo,3854000
Xicheng,1259000
Amagasaki,455555
Pyeongtaek,500787
Kurnool,484327
Denton,429461
Melaka,932700
Taoyuan District,464480
General Trias,193284
Jian'ou,452174
Huadian,161300
Tanta,658798
Kota Kinabalu,731406
Minzhu,22366547
Bukavu,1133000
Rajshahi,1290600
Balashikha,215494
Udaipur,474531
Kursk,415159
Mariupol,4059372
Eslamshahr,448129
San Nicolas de los Garza,3664331
Hsinchu,450655
Barcelona,1620343
Constantine,464219
Tanbei,108761
Ado-Ekiti,2210957
Madison,680796
Bellary,477537
Rodriguez,201452
Santiago de Cuba,508105
Yongji,171000
Reno,490596
Danjiangkou,209300
Sao Jose do Rio Preto,469173
Fujisawa,439728
Andijon,447800
Harrisburg,596305
Machida,428851
Ning'an,440000
Little Rock,748031
Zhangjiakou Shi Xuanhua Qu,4650000
Zurich,415215
Sunch'on,278809
Jinchang,438026
Kashiwa,433436
Guangming,
Sangli,2822143
Tuticorin,411628
Beira,533825
Kupang,455850
Jeju,678324
Caxias do Sul,735276
Santos,1897551
Manizales,552155
Stavropol,322079
Yogyakarta,4010436
Calicut,609224
Veracruz,939046
Zanjan,430871
Cusco,428450
Welkom,
Ulan-Ude,404426
Oakland,440646
Shinagawa-ku,422488
Kashan,432557
Kenitra,431282
Uyo,554906
Sokoto,840001
Masan,
Sidi Bouzid,429912
Porto Velho,548952
Sihung,511807
Xalapa,809206
Florencio Varela,423992
Uijeongbu,436527
Akola,537149
Aomori,272752
Yan'an Beilu,2255700
Agadir,487954
Mogi das Cruzes,450785
Durham,649903
Diadema,426757
Likasi,495000
Buenaventura,238648
Yazd,529673
Laval,443192
Toyota,426162
Santa Rosa,488863
Winston-Salem,675966
Tver,403606
Elazig,443363
Hpa-An,421525
Palma,409661
Bonita Springs,425675
Mishan,407451
Hailin,440000
Seremban,620100
Lecheng,
Zhengjiatun,128600
Luhansk,397677
Pencheng,9083790
Magnitogorsk,407775
Takamatsu,414134
El Obeid,418280
Dalai,176219
Xingren,417829
Kolwezi,480000
Wenlan,
Indio,361075
Palm Coast,349064
Binan,223491
Arusha,416442
Fenyang,121600
Paju,493938
Mataram,429651
Chattanooga,562647
Kisumu,610957
Jhang City,2742633
Nagqu,450537
Jayapura,404004
Rio Branco,419452
Toyama,1066328
Fangting,430000
Sanandaj,412767
Linghai,137300
Toyonaka,396014
Spokane,593466
Sochi,343334
Bhagalpur,410210
Ivanovo,408330
Turkmenabat,253000
Zaria,8000014
Bryansk,415721
Asyut,562743
Taiping,245182
Mbale,241038
Maracay,955362
Jiexiu,222100
Santa Fe,154823
Campina Grande,648310
Nagasaki,377975
Szczecin,777000
Syracuse,662057
Maringa,783907
Carapicuiba,403183
Qazvin,1273761
Quilon,465946
Jundiai,423006
Hirakata,397681
Gifu,400118
Lancaster,552984
Sikar,2677333
Jiangjiafan,
Dera Ghazi Khan,2872631
Mwanza,3699872
Arlington,394266
Xushan,
Miyazaki,398215
Yuyao,3083520
Stockton,779233
Bhatpara,386019
Sandakan,439050
Taytay,152944
Hejin,220000
Thanh Hoa,614500
Minamisuita,
Poughkeepsie,697221
Yokosuka,409478
Nha Trang,535000
Belgorod,156996
Malabon,258115
Yola,392854
Lobito,357950
Saurimo,442437
Olinda,3768902
Esenler,458694
Gujrat,196024
Ad Diwaniyah,650927
Piracicaba,407252
Hancheng,397020
Karamay,462347
Kakinada,443028
Augusta,611000
Bhilwara,509483
Tieli,235158
Cilegon,450271
Nizamabad,633933
Bologna,1017196
Boise,764718
Esenyurt,954579
Tetouan,380787
Aqtobe,420778
Oxnard,843843
Oyo,200001
Tarlac City,213784
Okazaki,386999
Cainta,161747
Ha'il,605930
Yidu,179600
Lianzhou,367859
Florence,367150
Christchurch,377900
Nuevo Laredo,636516
Scranton,567559
Brno,379466
London,14257962
Novi Sad,277522
Gusau,383162
Modesto,552878
Pasto,392930
Kissimmee,2673376
Las Palmas,378517
Ichinomiya,379654
Panihati,377347
Huancayo,456250
Aurora,2963821
Betim,444784
Sintra,377835
Parbhani,651580
Usulutan,366040
Youngstown,541926
Iquitos,510000
Helixi,105661
Manukau City,
Cumana,405626
Rohtak,373133
Vinnytsia,660000
Latur,500000
Lipa City,222589
Mandaue City,234581
Bello,3312165
Khorramabad,1760649
Ambon,347288
Butuan,225895
Keelung,361082
Toyohashi,377453
Baguio City,644589
La Florida,1733937
Lengshuijiang,198299
Anguo,109800
Kita-ku,355213
Rajapalaiyam,130442
Panshi,122200
Madan,154479
Plovdiv,346893
Az Zubayr,370000
Al Qatif,524182
Takasaki,372369
Huichang,445137
Vitsyebsk,366299
Nagano,370632
Bauru,379297
Yanjiao,250000
Bochum,5166484
Tecamac,364579
Anapolis,595031
Coventry,345324
Shinjuku,349385
Wonsan,363127
Caerdydd,1097000
Iligan,185452
Cabuyao,236719
Nakano,344880
Bengkulu,373591
Orizaba,8062579
Blumenau,361855
Montes Claros,413487
Petion-Ville,376834
Shuanghejiedao,3452460
Umuahia,359230
Surgut,450000
Gedaref,1400310
Palu,377030
Pokhara,518452
Mahilyow,374644
Wudalianchi,164100
Sungai Petani,544851
Nam Dinh,412350
Vitoria,1857616
Hrodna,230000
Vladimir,345373
Sao Vicente,111866
Taraz,406262
Cubal,305632
Kawagoe,353214
Ibb,4560000
Yong'an,410323
Wuppertal,11300000
Manisa,1429643
San Fernando,1652786
Minatitlan,356020
Nizhniy Tagil,361811
San Pedro,1661392
Hongzhai,417626
Wakayama,351391
Bilbao,345821
Rahimyar Khan,788915
Pavlodar,124800
Gimpo,427754
Itaquaquecetuba,375011
Nara,1321805
Van,525016
Corrientes,346334
Neiva,357392
Arkhangelsk,587400
Batangas,2908494
Licheng,160000
Koshigaya,345353
Sinuiju,
Cabimas,288595
Yueqing,488980
Yakeshi,132100
Ahmadnagar,350905
Fayetteville,520378
Takatsuki,350914
Holguin,346191
Qoqon,259700
Anaheim,346824
Semey,2724900
Varna,511200
Yingmen,863000
Cariacica,383917
Palmira,279465
Tapachula,320451
Konak,390682
Bydgoszcz,339053
Hatay,1686043
Antofagasta,352638
Rajahmundry,476873
Chita,324444
Chitungwiza,371244
Caruaru,365278
Utrecht,656342
Pensacola,509905
Victorville,355816
Tanch'on,345876
Tokorozawa,344194
Nice,609695
Sumqayit,358675
Kusti,173699
Cuddapah,466000
Simferopol,332317
Otsu,343991
Vitoria da Conquista,341128
Lancaster,552984
Makiivka,338968
East London,755200
Greensboro,776566
Uruapan,356786
Gomez Palacio,327985
Franca,551695
Brest,139926
Kaluga,324698
Corpus Christi,421933
Muzaffarpur,4801062
Yeosu,274917
Lublin,664000
Alwar,341422
Brahmapur,634220
Lianran,650300
Buon Ma Thuot,502170
Cuernavaca,366321
Beni,231952
Randburg,337053
Alicante,338577
Jitpur,307456
Kaesong,192578
Petrolina,686410
Chinju,345463
Tangdong,
Hangu,518811
Belfast,618108
Iwaki,324313
Blida,1167882
Salamanca,144825
Yingzhong,
Hirosaki,163639
Vina del Mar,930220
Nazret,220212
Bielefeld,591862
Cuenca,661685
Al Fayyum,3848708
Fort Wayne,423038
Ciudad Obregon,179355
Wad Medani,345290
Ribeirao das Neves,
Soledad de Graciano Sanchez,1271366
Bonn,331885
Kamarhati,330211
Maebashi,1263034
Thessaloniki,317778
Ganca,335600
Mymensingh,576722
Santa Ana,310227
Flint,404208
Kendari,345107
Thai Nguyen,434111
Smolensk,326861
Asahikawa,333530
Islip,339938
Dahuk,438317
Wonju,332849
Mathura,240928
Nakuru,570674
Lafia,330712
Koriyama,323101
Bamiantong,330000
Patiala,763280
Taourirt,206762
Izmir,4367251
Vung Tau,341552
Cabanatuan City,217785
Markham,338503
Saugor,274556
Pelotas,343132
Roodepoort,326416
Volzhskiy,314255
Bijapur,326360
Sukabumi,350804
Fayetteville,520378
Ulanhot,265600
Yunzhong,
Cotabato,120221
Al Fallujah,275128
Kochi,677381
Minna,304113
Boa Vista,111866
Cluj-Napoca,324576
Canoas,348208
Gwangmyeongni,288366
Bari,316491
Pucallpa,326040
Yildirim,629961
Kuching,723854
Tepic,489511
Caucaia,365212
Gonder,207044
Uberaba,340277
Jackson,591978
Mekele,215914
Santa Rosa,488863
Gonaives,104825
Guasave,320000
Lansing,541297
Naha,317405
Binxian,
San Juan,2350126
Lexington,517056
Hotan,408894
Dongyang,1087950
Ciudad del Este,546643
Kaiyuan,299000
Temara,313510
Uige,616605
Cordoba,325708
Camaguey,321992
Ann Arbor,372258
San Salvador de Jujuy,257970
Timisoara,319279
Al Kut,315162
Shahjanpur,3006538
Cherepovets,312310
San Miguelito,375409
Menongue,251178
Junagadh,319462
Katsina,318459
Henderson,317610
Poltava,279593
Maroua,201371
Kaech'on,319554
Asan,332790
Tehuacan,274906
Coatzacoalcos,347223
Nukus,332500
Huntsville,491723
Oskemen,346127
Nantes,997222
Zalantun,134400
Trichur,315596
Binangonan,136815
Cirebon,2603924
Munster,317713
Az Zaqaziq,529200
Boaco,186284
Ca Mau,315270
Toshima,301599
Vologda,301755
Saransk,297415
Mobile,430197
Barddhaman,407000
Tanza,312116
Bor,1421177
Kasur,382000
Yakou,
Orel,317747
Shahr-e Qods,309605
Safi,308508
Gungoren,307573
Guaruja,322750
Playa del Carmen,1857985
Purnea,496830
Datang,
Zarzal,4475886
Tokyo,40700000
Jakarta,33430285
Delhi,28514000
Manila,13484482
Sao Paulo,12400232
Seoul,9443722
Mumbai,18414288
Shanghai,41354149
Mexico City,21804515
Guangzhou,18676605
Cairo,22200000
Beijing,22366547
New York,20140470
Kolkata,4496694
Moscow,17000000
Bangkok,14626225
Dhaka,22478116
Buenos Aires,15624000
Osaka,19303000
Lagos,8048430
Istanbul,15907951
Karachi,16051521
Kinshasa,17239463
Shenzhen,17560000
Bangalore,10456000
Ho Chi Minh City,21281639
Tehran,9400000
Los Angeles,13200998
Rio de Janeiro,12280702
Chengdu,20937757
Baoding,11194382
Chennai,12395000
Lahore,11126285
London,14257962
Paris,13024518
Tianjin,11165706
Linyi,11018365
Shijiazhuang,11235086
Zhengzhou,12600574
Nanyang,9713112
Hyderabad,7749334
Wuhan,12326500
Handan,9433000
Nagoya,10240000
Weifang,9386705
Lima,9751717
Zhoukou,9026015
Luanda,8330000
Ganzhou,8970014
Tongshan,7717983
Kuala Lumpur,1982112
Chicago,9618502
Heze,8287693
Chongqing,32054159
Hanoi,20000000
Fuyang,8200264
Changsha,7355198
Dongguan,10466625
Jining,8081905
Jinan,9202432
Pune,6200000
Foshan,9498863
Bogota,7968095
Ahmedabad,9090000
Nanjing,9314685
Changchun,9066906
Tangshan,188800
Cangzhou,7300783
Dar es Salaam,5383728
Hefei,9465881
Hong Kong,7276588
Shaoyang,6563520
Zhanjiang,6981236
Shangqiu,7816831
Nantong,7726635
Yancheng,7200000
Nanning,8741584
Hengyang,6645243
Zhumadian,7008427
Shenyang,9070093
Xingtai,7111106
Xi'an,12952907
Santiago,6903479
Yantai,6968202
Riyadh,7676654
Luoyang,7056699
Kunming,8460088
Shangrao,6491088
Hangzhou,11936010
Bijie,6536370
Quanzhou,8782285
Miami,6091747
Wuxi,7462135
Huanggang,5882719
Maoming,6174050
Nanchong,5607565
Zunyi,6606675
Qujing,6155400
Baghdad,438317
Xinyang,6234401
Jieyang,5877025
Khartoum,5274321
Madrid,3223334
Allahabad,1536218
Yulin,5796766
Changde,5279102
Liaocheng,5952128
Qingdao,10071722
Dallas,7637387
Nangandao,6251929
Xiangyang,5260951
Philadelphia,6245051
Giza,4367343
Lu'an,4393699
Zhaotong,5213533
Yichun,1148126
Dezhou,5748500
Nairobi,10400676
Nanchang,6255007
Tai'an,5635000
Dazhou,5385422
Houston,7122240
Guadalajara,5286642
Yongzhou,5289824
Atlanta,6144050
Rangoon,7360703
Toronto,6202225
Suihua,3756167
Saint Petersburg,5351935
Washington,297977
